Match Id,Home Team Name,Away Team Name,Goal_Difference,Home_Team_Avg_Age,Away_Team_Avg_Age,Home_Team_Win_Rate,Away_Team_Win_Rate,Group Stage,Knockout Stage,Target_Home_Win
M-2006-29,France,South Korea,0.0,24.34552845528455,25.51469362784841,0.5616438356164384,0.21052631578947367,1.0,0.0,0
M-1970-29,Brazil,Uruguay,2.0,28.03276699029126,27.48780487804878,0.6929824561403509,0.4406779661016949,0.0,1.0,1
M-1990-39,Brazil,Argentina,-1.0,28.03276699029126,26.401805869074494,0.6929824561403509,0.6022727272727273,0.0,1.0,0
M-2018-39,Iceland,Croatia,-1.0,26.456521739130434,25.23015873015873,0.0,0.5666666666666667,1.0,0.0,0
M-1970-13,Mexico,El Salvador,4.0,25.04705882352941,27.5,0.2833333333333333,0.0,1.0,0.0,1
M-1954-05,Switzerland,Italy,1.0,24.53711790393013,25.92349726775956,0.34146341463414637,0.5542168674698795,1.0,0.0,1
M-1962-13,Soviet Union,Colombia,0.0,25.51469362784841,25.507614213197968,0.4838709677419355,0.4090909090909091,1.0,0.0,0
M-1978-30,Italy,Austria,1.0,25.92349726775956,25.25705329153605,0.5542168674698795,0.41379310344827586,1.0,0.0,1
M-1994-01,Germany,Bolivia,1.0,24.42845394736842,25.869565217391305,0.66,0.0,1.0,0.0,1
M-1990-11,Netherlands,Egypt,0.0,24.26201923076923,27.4,0.5636363636363636,0.0,1.0,0.0,0
M-2010-39,Australia,Serbia,1.0,24.331632653061224,25.820143884892087,0.2,0.2222222222222222,1.0,0.0,1
M-2022-43,Costa Rica,Germany,-2.0,26.166666666666668,24.42845394736842,0.3333333333333333,0.66,1.0,0.0,0
M-1958-33,Sweden,West Germany,2.0,25.01675977653631,25.51469362784841,0.39215686274509803,0.6290322580645161,0.0,1.0,1
M-1998-13,Jamaica,Croatia,-2.0,27.79310344827586,25.23015873015873,0.3333333333333333,0.5666666666666667,1.0,0.0,0
M-2002-05,Argentina,Nigeria,1.0,26.401805869074494,23.73015873015873,0.6022727272727273,0.2857142857142857,1.0,0.0,1
M-2006-41,Czech Republic,Italy,-2.0,26.794117647058822,25.92349726775956,0.3333333333333333,0.5542168674698795,1.0,0.0,0
M-1930-01,France,Mexico,3.0,24.34552845528455,25.04705882352941,0.5616438356164384,0.2833333333333333,1.0,0.0,1
M-2006-37,Iran,Angola,0.0,24.666666666666668,26.0,0.16666666666666666,0.0,1.0,0.0,0
M-1998-10,Netherlands,Belgium,0.0,24.26201923076923,24.23134328358209,0.5636363636363636,0.43137254901960786,1.0,0.0,0
M-1982-07,West Germany,Algeria,-1.0,25.51469362784841,26.84,0.6290322580645161,0.23076923076923078,1.0,0.0,0
M-2018-54,Belgium,Japan,1.0,24.23134328358209,26.044150110375277,0.43137254901960786,0.28,0.0,1.0,1
M-1990-25,Argentina,Romania,0.0,26.401805869074494,24.4390243902439,0.6022727272727273,0.38095238095238093,1.0,0.0,0
M-1994-31,Russia,Cameroon,5.0,24.790123456790123,25.076923076923077,0.35714285714285715,0.19230769230769232,1.0,0.0,1
M-1966-05,France,Mexico,0.0,24.34552845528455,25.04705882352941,0.5616438356164384,0.2833333333333333,1.0,0.0,0
M-1958-25,Northern Ireland,Czechoslovakia,1.0,25.617283950617285,25.51469362784841,0.23076923076923078,0.36666666666666664,1.0,0.0,1
M-1986-03,Canada,France,-1.0,24.508196721311474,24.34552845528455,0.0,0.5616438356164384,1.0,0.0,0
M-1986-23,West Germany,Scotland,1.0,25.51469362784841,25.303249097472925,0.6290322580645161,0.17391304347826086,1.0,0.0,1
M-2018-34,Uruguay,Russia,3.0,27.48780487804878,24.790123456790123,0.4406779661016949,0.35714285714285715,1.0,0.0,1
M-1954-16,England,Switzerland,2.0,24.073185362927415,24.53711790393013,0.44594594594594594,0.34146341463414637,1.0,0.0,1
M-2022-05,Argentina,Saudi Arabia,-1.0,26.401805869074494,25.348387096774193,0.6022727272727273,0.21052631578947367,1.0,0.0,0
M-1966-14,Portugal,Bulgaria,3.0,25.25872093023256,26.853658536585368,0.5142857142857142,0.15384615384615385,1.0,0.0,1
M-1978-05,Austria,Spain,1.0,25.25705329153605,25.6,0.41379310344827586,0.47761194029850745,1.0,0.0,1
M-2018-26,Serbia,Switzerland,-1.0,25.820143884892087,24.53711790393013,0.2222222222222222,0.34146341463414637,1.0,0.0,0
M-1950-17,Brazil,Sweden,6.0,28.03276699029126,25.01675977653631,0.6929824561403509,0.39215686274509803,1.0,0.0,1
M-1978-22,Spain,Sweden,1.0,25.6,25.01675977653631,0.47761194029850745,0.39215686274509803,1.0,0.0,1
M-1958-31,West Germany,Yugoslavia,1.0,25.51469362784841,25.51469362784841,0.6290322580645161,0.43243243243243246,0.0,1.0,1
M-1978-31,Netherlands,West Germany,0.0,24.26201923076923,25.51469362784841,0.5636363636363636,0.6290322580645161,1.0,0.0,0
M-2006-60,Brazil,France,-1.0,28.03276699029126,24.34552845528455,0.6929824561403509,0.5616438356164384,0.0,1.0,0
M-1982-19,West Germany,Chile,3.0,25.51469362784841,25.451351351351352,0.6290322580645161,0.3333333333333333,1.0,0.0,1
M-1962-09,Yugoslavia,Uruguay,2.0,25.51469362784841,27.48780487804878,0.43243243243243246,0.4406779661016949,1.0,0.0,1
M-1998-43,Germany,Iran,2.0,24.42845394736842,24.666666666666668,0.66,0.16666666666666666,1.0,0.0,1
M-1958-35,Brazil,Sweden,3.0,28.03276699029126,25.01675977653631,0.6929824561403509,0.39215686274509803,0.0,1.0,1
M-1962-29,Brazil,Chile,2.0,28.03276699029126,25.451351351351352,0.6929824561403509,0.3333333333333333,0.0,1.0,1
M-1934-11,Germany,Sweden,1.0,24.42845394736842,25.01675977653631,0.66,0.39215686274509803,0.0,1.0,1
M-2014-49,Brazil,Chile,0.0,28.03276699029126,25.451351351351352,0.6929824561403509,0.3333333333333333,0.0,1.0,1
M-1966-26,Portugal,North Korea,2.0,25.25872093023256,25.51469362784841,0.5142857142857142,0.14285714285714285,0.0,1.0,1
M-2014-42,Nigeria,Argentina,-1.0,23.73015873015873,26.401805869074494,0.2857142857142857,0.6022727272727273,1.0,0.0,0
M-2022-56,Portugal,Switzerland,5.0,25.25872093023256,24.53711790393013,0.5142857142857142,0.34146341463414637,0.0,1.0,1
M-1966-02,West Germany,Switzerland,5.0,25.51469362784841,24.53711790393013,0.6290322580645161,0.34146341463414637,1.0,0.0,1
M-1990-36,Republic of Ireland,Netherlands,0.0,24.830459770114942,24.26201923076923,0.23076923076923078,0.5636363636363636,1.0,0.0,0
M-1962-05,Soviet Union,Yugoslavia,2.0,25.51469362784841,25.51469362784841,0.4838709677419355,0.43243243243243246,1.0,0.0,1
M-1966-06,Argentina,Spain,1.0,26.401805869074494,25.6,0.6022727272727273,0.47761194029850745,1.0,0.0,1
M-1930-07,Yugoslavia,Bolivia,4.0,25.51469362784841,25.869565217391305,0.43243243243243246,0.0,1.0,0.0,1
M-2002-39,Slovenia,Paraguay,-2.0,26.491803278688526,26.525,0.16666666666666666,0.2962962962962963,1.0,0.0,0
M-2002-36,Saudi Arabia,Republic of Ireland,-3.0,25.348387096774193,24.830459770114942,0.21052631578947367,0.23076923076923078,1.0,0.0,0
M-1950-21,Sweden,Spain,2.0,25.01675977653631,25.6,0.39215686274509803,0.47761194029850745,1.0,0.0,1
M-2006-14,Brazil,Croatia,1.0,28.03276699029126,25.23015873015873,0.6929824561403509,0.5666666666666667,1.0,0.0,1
M-2014-57,France,Germany,-1.0,24.34552845528455,24.42845394736842,0.5616438356164384,0.66,0.0,1.0,0
M-1974-07,Italy,Haiti,2.0,25.92349726775956,23.714285714285715,0.5542168674698795,0.0,1.0,0.0,1
M-1962-10,Chile,Italy,2.0,25.451351351351352,25.92349726775956,0.3333333333333333,0.5542168674698795,1.0,0.0,1
M-2018-16,Poland,Senegal,-1.0,24.462962962962962,25.62204724409449,0.4473684210526316,0.4166666666666667,1.0,0.0,0
M-1974-03,East Germany,Australia,2.0,25.51469362784841,24.331632653061224,0.3333333333333333,0.2,1.0,0.0,1
M-1970-21,Mexico,Belgium,1.0,25.04705882352941,24.23134328358209,0.2833333333333333,0.43137254901960786,1.0,0.0,1
M-1994-50,Sweden,Brazil,-1.0,25.01675977653631,28.03276699029126,0.39215686274509803,0.6929824561403509,0.0,1.0,0
M-2006-23,Mexico,Angola,0.0,25.04705882352941,26.0,0.2833333333333333,0.0,1.0,0.0,0
M-1958-32,Brazil,France,3.0,28.03276699029126,24.34552845528455,0.6929824561403509,0.5616438356164384,0.0,1.0,1
M-2022-55,Morocco,Spain,0.0,25.638297872340427,25.6,0.2608695652173913,0.47761194029850745,0.0,1.0,1
M-2002-42,Turkey,China,3.0,24.88095238095238,25.51469362784841,0.5,0.0,1.0,0.0,1
M-1966-18,Argentina,Switzerland,2.0,26.401805869074494,24.53711790393013,0.6022727272727273,0.34146341463414637,1.0,0.0,1
M-1938-07,Czechoslovakia,Netherlands,3.0,25.51469362784841,24.26201923076923,0.36666666666666664,0.5636363636363636,0.0,1.0,1
M-2002-08,Spain,Slovenia,2.0,25.6,26.491803278688526,0.47761194029850745,0.16666666666666666,1.0,0.0,1
M-1958-08,Soviet Union,England,0.0,25.51469362784841,24.073185362927415,0.4838709677419355,0.44594594594594594,1.0,0.0,0
M-1994-30,Republic of Ireland,Norway,0.0,24.830459770114942,24.48,0.23076923076923078,0.25,1.0,0.0,0
M-1950-04,Spain,United States,2.0,25.6,24.922190201729105,0.47761194029850745,0.24324324324324326,1.0,0.0,1
M-1986-11,Uruguay,West Germany,0.0,27.48780487804878,25.51469362784841,0.4406779661016949,0.6290322580645161,1.0,0.0,0
M-2006-09,Australia,Japan,2.0,24.331632653061224,26.044150110375277,0.2,0.28,1.0,0.0,1
M-1998-26,Belgium,Mexico,0.0,24.23134328358209,25.04705882352941,0.43137254901960786,0.2833333333333333,1.0,0.0,0
M-1934-07,Sweden,Argentina,1.0,25.01675977653631,26.401805869074494,0.39215686274509803,0.6022727272727273,0.0,1.0,1
M-1986-52,Argentina,West Germany,1.0,26.401805869074494,25.51469362784841,0.6022727272727273,0.6290322580645161,0.0,1.0,1
M-1994-44,Mexico,Bulgaria,0.0,25.04705882352941,26.853658536585368,0.2833333333333333,0.15384615384615385,0.0,1.0,0
M-2006-25,Czech Republic,Ghana,-2.0,26.794117647058822,23.861538461538462,0.3333333333333333,0.3333333333333333,1.0,0.0,0
M-2018-57,Uruguay,France,-2.0,27.48780487804878,24.34552845528455,0.4406779661016949,0.5616438356164384,0.0,1.0,0
M-1982-31,Algeria,Chile,1.0,26.84,25.451351351351352,0.23076923076923078,0.3333333333333333,1.0,0.0,1
M-1938-17,Brazil,Sweden,2.0,28.03276699029126,25.01675977653631,0.6929824561403509,0.39215686274509803,0.0,1.0,1
M-1994-16,Italy,Norway,1.0,25.92349726775956,24.48,0.5542168674698795,0.25,1.0,0.0,1
M-2018-51,Spain,Russia,0.0,25.6,24.790123456790123,0.47761194029850745,0.35714285714285715,0.0,1.0,0
M-2006-53,Italy,Australia,1.0,25.92349726775956,24.331632653061224,0.5542168674698795,0.2,0.0,1.0,1
M-1974-33,Poland,West Germany,-1.0,24.462962962962962,25.51469362784841,0.4473684210526316,0.6290322580645161,1.0,0.0,0
M-2002-27,Mexico,Ecuador,1.0,25.04705882352941,27.92452830188679,0.2833333333333333,0.38461538461538464,1.0,0.0,1
M-2006-13,France,Switzerland,0.0,24.34552845528455,24.53711790393013,0.5616438356164384,0.34146341463414637,1.0,0.0,0
M-1994-19,Brazil,Cameroon,3.0,28.03276699029126,25.076923076923077,0.6929824561403509,0.19230769230769232,1.0,0.0,1
M-1986-49,France,West Germany,-2.0,24.34552845528455,25.51469362784841,0.5616438356164384,0.6290322580645161,0.0,1.0,0
M-1934-01,Austria,France,1.0,25.25705329153605,24.34552845528455,0.41379310344827586,0.5616438356164384,0.0,1.0,1
M-2006-46,Ukraine,Tunisia,1.0,25.28985507246377,26.4,0.6,0.16666666666666666,1.0,0.0,1
M-2002-26,Brazil,China,4.0,28.03276699029126,25.51469362784841,0.6929824561403509,0.0,1.0,0.0,1
M-1986-35,Denmark,West Germany,2.0,24.286956521739132,25.51469362784841,0.391304347826087,0.6290322580645161,1.0,0.0,1
M-1986-08,Algeria,Northern Ireland,0.0,26.84,25.617283950617285,0.23076923076923078,0.23076923076923078,1.0,0.0,0
M-1954-09,Uruguay,Scotland,7.0,27.48780487804878,25.303249097472925,0.4406779661016949,0.17391304347826086,1.0,0.0,1
M-1950-09,United States,England,1.0,24.922190201729105,24.073185362927415,0.24324324324324326,0.44594594594594594,1.0,0.0,1
M-1986-39,Brazil,Poland,4.0,28.03276699029126,24.462962962962962,0.6929824561403509,0.4473684210526316,0.0,1.0,1
M-1978-03,Tunisia,Mexico,2.0,26.4,25.04705882352941,0.16666666666666666,0.2833333333333333,1.0,0.0,1
M-1978-16,Scotland,Iran,0.0,25.303249097472925,24.666666666666668,0.17391304347826086,0.16666666666666666,1.0,0.0,0
M-1986-01,Bulgaria,Italy,0.0,26.853658536585368,25.92349726775956,0.15384615384615385,0.5542168674698795,1.0,0.0,0
M-1982-47,Italy,Brazil,1.0,25.92349726775956,28.03276699029126,0.5542168674698795,0.6929824561403509,1.0,0.0,1
M-2018-55,Sweden,Switzerland,1.0,25.01675977653631,24.53711790393013,0.39215686274509803,0.34146341463414637,0.0,1.0,1
M-1978-09,Italy,Hungary,2.0,25.92349726775956,25.914285714285715,0.5542168674698795,0.46875,1.0,0.0,1
M-1930-13,Paraguay,Belgium,1.0,26.525,24.23134328358209,0.2962962962962963,0.43137254901960786,1.0,0.0,1
M-1966-15,Soviet Union,Italy,1.0,25.51469362784841,25.92349726775956,0.4838709677419355,0.5542168674698795,1.0,0.0,1
M-1986-09,Portugal,England,1.0,25.25872093023256,24.073185362927415,0.5142857142857142,0.44594594594594594,1.0,0.0,1
M-1990-40,West Germany,Netherlands,1.0,25.51469362784841,24.26201923076923,0.6290322580645161,0.5636363636363636,0.0,1.0,1
M-2014-62,Netherlands,Argentina,0.0,24.26201923076923,26.401805869074494,0.5636363636363636,0.6022727272727273,0.0,1.0,0
M-1970-24,Bulgaria,Morocco,0.0,26.853658536585368,25.638297872340427,0.15384615384615385,0.2608695652173913,1.0,0.0,0
M-2006-34,Ecuador,Germany,-3.0,27.92452830188679,24.42845394736842,0.38461538461538464,0.66,1.0,0.0,0
M-2006-30,Togo,Switzerland,-2.0,26.615384615384617,24.53711790393013,0.0,0.34146341463414637,1.0,0.0,0
M-1990-51,Italy,England,1.0,25.92349726775956,24.073185362927415,0.5542168674698795,0.44594594594594594,0.0,1.0,1
M-2022-26,Belgium,Morocco,-2.0,24.23134328358209,25.638297872340427,0.43137254901960786,0.2608695652173913,1.0,0.0,0
M-2022-27,Croatia,Canada,3.0,25.23015873015873,24.508196721311474,0.5666666666666667,0.0,1.0,0.0,1
M-2018-07,Peru,Denmark,-1.0,26.228571428571428,24.286956521739132,0.2777777777777778,0.391304347826087,1.0,0.0,0
M-1966-09,Uruguay,France,1.0,27.48780487804878,24.34552845528455,0.4406779661016949,0.5616438356164384,1.0,0.0,1
M-2010-09,Netherlands,Denmark,2.0,24.26201923076923,24.286956521739132,0.5636363636363636,0.391304347826087,1.0,0.0,1
M-2002-25,Italy,Croatia,-1.0,25.92349726775956,25.23015873015873,0.5542168674698795,0.5666666666666667,1.0,0.0,0
M-2010-21,Germany,Serbia,-1.0,24.42845394736842,25.820143884892087,0.66,0.2222222222222222,1.0,0.0,0
M-2006-36,Sweden,England,0.0,25.01675977653631,24.073185362927415,0.39215686274509803,0.44594594594594594,1.0,0.0,0
M-1994-15,United States,Colombia,1.0,24.922190201729105,25.507614213197968,0.24324324324324326,0.4090909090909091,1.0,0.0,1
M-1962-28,Yugoslavia,West Germany,1.0,25.51469362784841,25.51469362784841,0.43243243243243246,0.6290322580645161,0.0,1.0,1
M-1974-17,Australia,Chile,0.0,24.331632653061224,25.451351351351352,0.2,0.3333333333333333,1.0,0.0,0
M-2002-32,Portugal,Poland,4.0,25.25872093023256,24.462962962962962,0.5142857142857142,0.4473684210526316,1.0,0.0,1
M-2018-17,Russia,Egypt,2.0,24.790123456790123,27.4,0.35714285714285715,0.0,1.0,0.0,1
M-1986-16,Hungary,Canada,2.0,25.914285714285715,24.508196721311474,0.46875,0.0,1.0,0.0,1
M-1990-01,Argentina,Cameroon,-1.0,26.401805869074494,25.076923076923077,0.6022727272727273,0.19230769230769232,1.0,0.0,0
M-1950-22,Uruguay,Brazil,1.0,27.48780487804878,28.03276699029126,0.4406779661016949,0.6929824561403509,1.0,0.0,1
M-1958-13,Mexico,Wales,0.0,25.04705882352941,24.897435897435898,0.2833333333333333,0.125,1.0,0.0,0
M-1998-32,Romania,England,1.0,24.4390243902439,24.073185362927415,0.38095238095238093,0.44594594594594594,1.0,0.0,1
M-1998-23,Nigeria,Bulgaria,1.0,23.73015873015873,26.853658536585368,0.2857142857142857,0.15384615384615385,1.0,0.0,1
M-1986-31,England,Poland,3.0,24.073185362927415,24.462962962962962,0.44594594594594594,0.4473684210526316,1.0,0.0,1
M-1958-04,France,Paraguay,4.0,24.34552845528455,26.525,0.5616438356164384,0.2962962962962963,1.0,0.0,1
M-1958-14,Brazil,England,0.0,28.03276699029126,24.073185362927415,0.6929824561403509,0.44594594594594594,1.0,0.0,0
M-1990-06,Brazil,Sweden,1.0,28.03276699029126,25.01675977653631,0.6929824561403509,0.39215686274509803,1.0,0.0,1
M-1990-21,England,Netherlands,0.0,24.073185362927415,24.26201923076923,0.44594594594594594,0.5636363636363636,1.0,0.0,0
M-1986-50,Argentina,Belgium,2.0,26.401805869074494,24.23134328358209,0.6022727272727273,0.43137254901960786,0.0,1.0,1
M-1954-18,Switzerland,Italy,3.0,24.53711790393013,25.92349726775956,0.34146341463414637,0.5542168674698795,1.0,0.0,1
M-1998-27,Netherlands,South Korea,5.0,24.26201923076923,25.51469362784841,0.5636363636363636,0.21052631578947367,1.0,0.0,1
M-1954-15,Italy,Belgium,3.0,25.92349726775956,24.23134328358209,0.5542168674698795,0.43137254901960786,1.0,0.0,1
M-1982-29,Argentina,El Salvador,2.0,26.401805869074494,27.5,0.6022727272727273,0.0,1.0,0.0,1
M-2022-53,Japan,Croatia,0.0,26.044150110375277,25.23015873015873,0.28,0.5666666666666667,0.0,1.0,0
M-2018-52,Croatia,Denmark,0.0,25.23015873015873,24.286956521739132,0.5666666666666667,0.391304347826087,0.0,1.0,1
M-2018-63,Belgium,England,2.0,24.23134328358209,24.073185362927415,0.43137254901960786,0.44594594594594594,0.0,1.0,1
M-2002-04,Germany,Saudi Arabia,8.0,24.42845394736842,25.348387096774193,0.66,0.21052631578947367,1.0,0.0,1
M-2006-22,Netherlands,Ivory Coast,1.0,24.26201923076923,25.01904761904762,0.5636363636363636,0.3333333333333333,1.0,0.0,1
M-2002-09,Croatia,Mexico,-1.0,25.23015873015873,25.04705882352941,0.5666666666666667,0.2833333333333333,1.0,0.0,0
M-1954-20,Uruguay,England,2.0,27.48780487804878,24.073185362927415,0.4406779661016949,0.44594594594594594,0.0,1.0,1
M-1930-12,Brazil,Bolivia,4.0,28.03276699029126,25.869565217391305,0.6929824561403509,0.0,1.0,0.0,1
M-1986-37,Mexico,Bulgaria,2.0,25.04705882352941,26.853658536585368,0.2833333333333333,0.15384615384615385,0.0,1.0,1
M-2006-39,Ivory Coast,Serbia and Montenegro,1.0,25.01904761904762,25.51469362784841,0.3333333333333333,0.0,1.0,0.0,1
M-1938-09,Switzerland,Germany,2.0,24.53711790393013,24.42845394736842,0.34146341463414637,0.66,0.0,1.0,1
M-1938-08,Cuba,Romania,1.0,24.75,24.4390243902439,0.3333333333333333,0.38095238095238093,0.0,1.0,1
M-1982-22,Algeria,Austria,-2.0,26.84,25.25705329153605,0.23076923076923078,0.41379310344827586,1.0,0.0,0
M-1962-32,Brazil,Czechoslovakia,2.0,28.03276699029126,25.51469362784841,0.6929824561403509,0.36666666666666664,0.0,1.0,1
M-1990-45,Argentina,Yugoslavia,0.0,26.401805869074494,25.51469362784841,0.6022727272727273,0.43243243243243246,0.0,1.0,1
M-2018-08,Croatia,Nigeria,2.0,25.23015873015873,23.73015873015873,0.5666666666666667,0.2857142857142857,1.0,0.0,1
M-1998-60,Germany,Croatia,-3.0,24.42845394736842,25.23015873015873,0.66,0.5666666666666667,0.0,1.0,0
M-2014-43,Honduras,Switzerland,-3.0,26.23076923076923,24.53711790393013,0.0,0.34146341463414637,1.0,0.0,0
M-1954-26,West Germany,Hungary,1.0,25.51469362784841,25.914285714285715,0.6290322580645161,0.46875,0.0,1.0,1
M-1990-15,Yugoslavia,Colombia,1.0,25.51469362784841,25.507614213197968,0.43243243243243246,0.4090909090909091,1.0,0.0,1
M-1966-11,Hungary,Brazil,2.0,25.914285714285715,28.03276699029126,0.46875,0.6929824561403509,1.0,0.0,1
M-1990-33,Belgium,Spain,-1.0,24.23134328358209,25.6,0.43137254901960786,0.47761194029850745,1.0,0.0,0
M-1990-05,United States,Czechoslovakia,-4.0,24.922190201729105,25.51469362784841,0.24324324324324326,0.36666666666666664,1.0,0.0,0
M-2022-08,France,Australia,3.0,24.34552845528455,24.331632653061224,0.5616438356164384,0.2,1.0,0.0,1
M-2018-14,Tunisia,England,-1.0,26.4,24.073185362927415,0.16666666666666666,0.44594594594594594,1.0,0.0,0
M-2002-55,Japan,Turkey,-1.0,26.044150110375277,24.88095238095238,0.28,0.5,0.0,1.0,0
M-1966-10,Spain,Switzerland,1.0,25.6,24.53711790393013,0.47761194029850745,0.34146341463414637,1.0,0.0,1
M-1986-36,Scotland,Uruguay,0.0,25.303249097472925,27.48780487804878,0.17391304347826086,0.4406779661016949,1.0,0.0,0
M-2022-44,Japan,Spain,1.0,26.044150110375277,25.6,0.28,0.47761194029850745,1.0,0.0,1
M-2010-57,Netherlands,Brazil,1.0,24.26201923076923,28.03276699029126,0.5636363636363636,0.6929824561403509,0.0,1.0,1
M-2006-15,Spain,Ukraine,4.0,25.6,25.28985507246377,0.47761194029850745,0.6,1.0,0.0,1
M-1986-24,Denmark,Uruguay,5.0,24.286956521739132,27.48780487804878,0.391304347826087,0.4406779661016949,1.0,0.0,1
M-1974-26,Brazil,East Germany,1.0,28.03276699029126,25.51469362784841,0.6929824561403509,0.3333333333333333,1.0,0.0,1
M-1998-01,Brazil,Scotland,1.0,28.03276699029126,25.303249097472925,0.6929824561403509,0.17391304347826086,1.0,0.0,1
M-1982-28,Italy,Cameroon,0.0,25.92349726775956,25.076923076923077,0.5542168674698795,0.19230769230769232,1.0,0.0,0
M-2002-12,China,Costa Rica,-2.0,25.51469362784841,26.166666666666668,0.0,0.3333333333333333,1.0,0.0,0
M-1930-16,Argentina,United States,5.0,26.401805869074494,24.922190201729105,0.6022727272727273,0.24324324324324326,0.0,1.0,1
M-1930-04,Romania,Peru,2.0,24.4390243902439,26.228571428571428,0.38095238095238093,0.2777777777777778,1.0,0.0,1
M-1994-20,Sweden,Russia,2.0,25.01675977653631,24.790123456790123,0.39215686274509803,0.35714285714285715,1.0,0.0,1
M-1974-25,Yugoslavia,West Germany,-2.0,25.51469362784841,25.51469362784841,0.43243243243243246,0.6290322580645161,1.0,0.0,0
M-1998-08,Spain,Nigeria,-1.0,25.6,23.73015873015873,0.47761194029850745,0.2857142857142857,1.0,0.0,0
M-2018-37,Australia,Peru,-2.0,24.331632653061224,26.228571428571428,0.2,0.2777777777777778,1.0,0.0,0
M-2018-42,Mexico,Sweden,-3.0,25.04705882352941,25.01675977653631,0.2833333333333333,0.39215686274509803,1.0,0.0,0
M-1994-23,Argentina,Nigeria,1.0,26.401805869074494,23.73015873015873,0.6022727272727273,0.2857142857142857,1.0,0.0,1
M-1986-34,Northern Ireland,Brazil,-3.0,25.617283950617285,28.03276699029126,0.23076923076923078,0.6929824561403509,1.0,0.0,0
M-1970-23,England,Czechoslovakia,1.0,24.073185362927415,25.51469362784841,0.44594594594594594,0.36666666666666664,1.0,0.0,1
M-1966-12,Chile,North Korea,0.0,25.451351351351352,25.51469362784841,0.3333333333333333,0.14285714285714285,1.0,0.0,0
M-1978-20,Argentina,Italy,-1.0,26.401805869074494,25.92349726775956,0.6022727272727273,0.5542168674698795,1.0,0.0,0
M-2018-13,Belgium,Panama,3.0,24.23134328358209,25.833333333333332,0.43137254901960786,0.0,1.0,0.0,1
M-1982-17,Belgium,El Salvador,1.0,24.23134328358209,27.5,0.43137254901960786,0.0,1.0,0.0,1
M-1998-53,Germany,Mexico,1.0,24.42845394736842,25.04705882352941,0.66,0.2833333333333333,0.0,1.0,1
M-1930-10,Chile,France,1.0,25.451351351351352,24.34552845528455,0.3333333333333333,0.5616438356164384,1.0,0.0,1
M-1974-18,Scotland,Yugoslavia,0.0,25.303249097472925,25.51469362784841,0.17391304347826086,0.43243243243243246,1.0,0.0,0
M-1934-05,Italy,United States,6.0,25.92349726775956,24.922190201729105,0.5542168674698795,0.24324324324324326,0.0,1.0,1
M-1982-49,Poland,Italy,-2.0,24.462962962962962,25.92349726775956,0.4473684210526316,0.5542168674698795,0.0,1.0,0
M-1970-22,Italy,Israel,0.0,25.92349726775956,28.25,0.5542168674698795,0.0,1.0,0.0,0
M-2022-38,Tunisia,France,1.0,26.4,24.34552845528455,0.16666666666666666,0.5616438356164384,1.0,0.0,1
M-2014-58,Brazil,Colombia,1.0,28.03276699029126,25.507614213197968,0.6929824561403509,0.4090909090909091,0.0,1.0,1
M-2022-48,Serbia,Switzerland,-1.0,25.820143884892087,24.53711790393013,0.2222222222222222,0.34146341463414637,1.0,0.0,0
M-2022-15,Portugal,Ghana,1.0,25.25872093023256,23.861538461538462,0.5142857142857142,0.3333333333333333,1.0,0.0,1
M-1982-33,Honduras,Yugoslavia,-1.0,26.23076923076923,25.51469362784841,0.0,0.43243243243243246,1.0,0.0,0
M-1990-20,Sweden,Scotland,-1.0,25.01675977653631,25.303249097472925,0.39215686274509803,0.17391304347826086,1.0,0.0,0
M-1998-14,England,Tunisia,2.0,24.073185362927415,26.4,0.44594594594594594,0.16666666666666666,1.0,0.0,1
M-2014-31,South Korea,Algeria,-2.0,25.51469362784841,26.84,0.21052631578947367,0.23076923076923078,1.0,0.0,0
M-2010-63,Uruguay,Germany,-1.0,27.48780487804878,24.42845394736842,0.4406779661016949,0.66,0.0,1.0,0
M-1970-04,Peru,Bulgaria,1.0,26.228571428571428,26.853658536585368,0.2777777777777778,0.15384615384615385,1.0,0.0,1
M-2010-28,Italy,New Zealand,0.0,25.92349726775956,26.057142857142857,0.5542168674698795,0.0,1.0,0.0,0
M-1994-36,Greece,Nigeria,-2.0,24.791666666666668,23.73015873015873,0.2,0.2857142857142857,1.0,0.0,0
M-1990-34,South Korea,Uruguay,-1.0,25.51469362784841,27.48780487804878,0.21052631578947367,0.4406779661016949,1.0,0.0,0
M-1974-06,Uruguay,Netherlands,-2.0,27.48780487804878,24.26201923076923,0.4406779661016949,0.5636363636363636,1.0,0.0,0
M-1954-19,Austria,Switzerland,2.0,25.25705329153605,24.53711790393013,0.41379310344827586,0.34146341463414637,0.0,1.0,1
M-2002-10,Brazil,Turkey,1.0,28.03276699029126,24.88095238095238,0.6929824561403509,0.5,1.0,0.0,1
M-1998-21,South Africa,Denmark,0.0,26.98611111111111,24.286956521739132,0.2222222222222222,0.391304347826087,1.0,0.0,0
M-1950-16,Switzerland,Mexico,1.0,24.53711790393013,25.04705882352941,0.34146341463414637,0.2833333333333333,1.0,0.0,1
M-2002-20,France,Uruguay,0.0,24.34552845528455,27.48780487804878,0.5616438356164384,0.4406779661016949,1.0,0.0,0
M-2014-35,Cameroon,Brazil,-3.0,25.076923076923077,28.03276699029126,0.19230769230769232,0.6929824561403509,1.0,0.0,0
M-1978-15,Netherlands,Peru,0.0,24.26201923076923,26.228571428571428,0.5636363636363636,0.2777777777777778,1.0,0.0,0
M-1966-17,Mexico,Uruguay,0.0,25.04705882352941,27.48780487804878,0.2833333333333333,0.4406779661016949,1.0,0.0,0
M-2014-02,Mexico,Cameroon,1.0,25.04705882352941,25.076923076923077,0.2833333333333333,0.19230769230769232,1.0,0.0,1
M-1990-23,Belgium,Uruguay,2.0,24.23134328358209,27.48780487804878,0.43137254901960786,0.4406779661016949,1.0,0.0,1
M-1962-18,West Germany,Chile,2.0,25.51469362784841,25.451351351351352,0.6290322580645161,0.3333333333333333,1.0,0.0,1
M-1954-01,Brazil,Mexico,5.0,28.03276699029126,25.04705882352941,0.6929824561403509,0.2833333333333333,1.0,0.0,1
M-2006-61,Germany,Italy,-2.0,24.42845394736842,25.92349726775956,0.66,0.5542168674698795,0.0,1.0,0
M-1990-35,England,Egypt,1.0,24.073185362927415,27.4,0.44594594594594594,0.0,1.0,0.0,1
M-1966-21,England,France,2.0,24.073185362927415,24.34552845528455,0.44594594594594594,0.5616438356164384,1.0,0.0,1
M-1978-02,Italy,France,1.0,25.92349726775956,24.34552845528455,0.5542168674698795,0.5616438356164384,1.0,0.0,1
M-1974-05,Sweden,Bulgaria,0.0,25.01675977653631,26.853658536585368,0.39215686274509803,0.15384615384615385,1.0,0.0,0
M-1994-24,Bulgaria,Greece,4.0,26.853658536585368,24.791666666666668,0.15384615384615385,0.2,1.0,0.0,1
M-1958-17,Sweden,Wales,0.0,25.01675977653631,24.897435897435898,0.39215686274509803,0.125,1.0,0.0,0
M-2014-16,Brazil,Mexico,0.0,28.03276699029126,25.04705882352941,0.6929824561403509,0.2833333333333333,1.0,0.0,0
M-1994-49,Bulgaria,Italy,-1.0,26.853658536585368,25.92349726775956,0.15384615384615385,0.5542168674698795,0.0,1.0,0
M-1998-16,Germany,United States,2.0,24.42845394736842,24.922190201729105,0.66,0.24324324324324326,1.0,0.0,1
M-1998-61,Brazil,Netherlands,0.0,28.03276699029126,24.26201923076923,0.6929824561403509,0.5636363636363636,0.0,1.0,1
M-1958-26,Wales,Hungary,1.0,24.897435897435898,25.914285714285715,0.125,0.46875,1.0,0.0,1
M-1958-16,Sweden,Hungary,1.0,25.01675977653631,25.914285714285715,0.39215686274509803,0.46875,1.0,0.0,1
M-1994-10,Netherlands,Saudi Arabia,1.0,24.26201923076923,25.348387096774193,0.5636363636363636,0.21052631578947367,1.0,0.0,1
M-2006-24,Portugal,Iran,2.0,25.25872093023256,24.666666666666668,0.5142857142857142,0.16666666666666666,1.0,0.0,1
M-1950-05,Sweden,Italy,1.0,25.01675977653631,25.92349726775956,0.39215686274509803,0.5542168674698795,1.0,0.0,1
M-2006-06,Serbia and Montenegro,Netherlands,-1.0,25.51469362784841,24.26201923076923,0.0,0.5636363636363636,1.0,0.0,0
M-2018-43,Serbia,Brazil,-2.0,25.820143884892087,28.03276699029126,0.2222222222222222,0.6929824561403509,1.0,0.0,0
M-1986-10,Paraguay,Iraq,1.0,26.525,27.6,0.2962962962962963,0.0,1.0,0.0,1
M-1974-37,Brazil,Poland,-1.0,28.03276699029126,24.462962962962962,0.6929824561403509,0.4473684210526316,0.0,1.0,0
M-1938-12,Italy,France,2.0,25.92349726775956,24.34552845528455,0.5542168674698795,0.5616438356164384,0.0,1.0,1
M-1982-42,Belgium,Soviet Union,-1.0,24.23134328358209,25.51469362784841,0.43137254901960786,0.4838709677419355,1.0,0.0,0
M-1966-28,West Germany,Uruguay,4.0,25.51469362784841,27.48780487804878,0.6290322580645161,0.4406779661016949,0.0,1.0,1
M-2022-64,Argentina,France,0.0,26.401805869074494,24.34552845528455,0.6022727272727273,0.5616438356164384,0.0,1.0,1
M-2014-32,United States,Portugal,0.0,24.922190201729105,25.25872093023256,0.24324324324324326,0.5142857142857142,1.0,0.0,0
M-2010-01,South Africa,Mexico,0.0,26.98611111111111,25.04705882352941,0.2222222222222222,0.2833333333333333,1.0,0.0,0
M-1974-32,West Germany,Sweden,2.0,25.51469362784841,25.01675977653631,0.6290322580645161,0.39215686274509803,1.0,0.0,1
M-1990-32,Sweden,Costa Rica,-1.0,25.01675977653631,26.166666666666668,0.39215686274509803,0.3333333333333333,1.0,0.0,0
M-2006-07,Mexico,Iran,2.0,25.04705882352941,24.666666666666668,0.2833333333333333,0.16666666666666666,1.0,0.0,1
M-1978-35,Brazil,Poland,2.0,28.03276699029126,24.462962962962962,0.6929824561403509,0.4473684210526316,1.0,0.0,1
M-1982-34,West Germany,Austria,1.0,25.51469362784841,25.25705329153605,0.6290322580645161,0.41379310344827586,1.0,0.0,1
M-2022-32,Portugal,Uruguay,2.0,25.25872093023256,27.48780487804878,0.5142857142857142,0.4406779661016949,1.0,0.0,1
M-1962-14,West Germany,Switzerland,1.0,25.51469362784841,24.53711790393013,0.6290322580645161,0.34146341463414637,1.0,0.0,1
M-1958-24,England,Austria,0.0,24.073185362927415,25.25705329153605,0.44594594594594594,0.41379310344827586,1.0,0.0,0
M-2010-50,United States,Ghana,-1.0,24.922190201729105,23.861538461538462,0.24324324324324326,0.3333333333333333,0.0,1.0,0
M-1938-16,Italy,Brazil,1.0,25.92349726775956,28.03276699029126,0.5542168674698795,0.6929824561403509,0.0,1.0,1
M-1982-46,Soviet Union,Poland,0.0,25.51469362784841,24.462962962962962,0.4838709677419355,0.4473684210526316,1.0,0.0,0
M-2018-58,Brazil,Belgium,-1.0,28.03276699029126,24.23134328358209,0.6929824561403509,0.43137254901960786,0.0,1.0,0
M-1962-07,Czechoslovakia,Spain,1.0,25.51469362784841,25.6,0.36666666666666664,0.47761194029850745,1.0,0.0,1
M-1994-07,Norway,Mexico,1.0,24.48,25.04705882352941,0.25,0.2833333333333333,1.0,0.0,1
M-1986-40,Argentina,Uruguay,1.0,26.401805869074494,27.48780487804878,0.6022727272727273,0.4406779661016949,0.0,1.0,1
M-2002-23,Argentina,England,-1.0,26.401805869074494,24.073185362927415,0.6022727272727273,0.44594594594594594,1.0,0.0,0
M-1982-13,Italy,Peru,0.0,25.92349726775956,26.228571428571428,0.5542168674698795,0.2777777777777778,1.0,0.0,0
M-1934-02,Czechoslovakia,Romania,1.0,25.51469362784841,24.4390243902439,0.36666666666666664,0.38095238095238093,0.0,1.0,1
M-2014-07,England,Italy,-1.0,24.073185362927415,25.92349726775956,0.44594594594594594,0.5542168674698795,1.0,0.0,0
M-2010-54,Brazil,Chile,3.0,28.03276699029126,25.451351351351352,0.6929824561403509,0.3333333333333333,0.0,1.0,1
M-2014-06,Uruguay,Costa Rica,-2.0,27.48780487804878,26.166666666666668,0.4406779661016949,0.3333333333333333,1.0,0.0,0
M-1986-48,Spain,Belgium,0.0,25.6,24.23134328358209,0.47761194029850745,0.43137254901960786,0.0,1.0,0
M-1998-22,France,Saudi Arabia,4.0,24.34552845528455,25.348387096774193,0.5616438356164384,0.21052631578947367,1.0,0.0,1
M-2002-18,Denmark,Senegal,0.0,24.286956521739132,25.62204724409449,0.391304347826087,0.4166666666666667,1.0,0.0,0
M-1938-04,Hungary,Dutch East Indies,6.0,25.914285714285715,25.51469362784841,0.46875,0.0,0.0,1.0,1
M-1966-08,Italy,Chile,2.0,25.92349726775956,25.451351351351352,0.5542168674698795,0.3333333333333333,1.0,0.0,1
M-1974-14,Netherlands,Sweden,0.0,24.26201923076923,25.01675977653631,0.5636363636363636,0.39215686274509803,1.0,0.0,0
M-2014-26,Honduras,Ecuador,-1.0,26.23076923076923,27.92452830188679,0.0,0.38461538461538464,1.0,0.0,0
M-2002-64,Germany,Brazil,-2.0,24.42845394736842,28.03276699029126,0.66,0.6929824561403509,0.0,1.0,0
M-2014-39,Japan,Colombia,-3.0,26.044150110375277,25.507614213197968,0.28,0.4090909090909091,1.0,0.0,0
M-2014-55,Argentina,Switzerland,1.0,26.401805869074494,24.53711790393013,0.6022727272727273,0.34146341463414637,0.0,1.0,1
M-1962-19,Brazil,Spain,1.0,28.03276699029126,25.6,0.6929824561403509,0.47761194029850745,1.0,0.0,1
M-1978-18,Poland,Mexico,2.0,24.462962962962962,25.04705882352941,0.4473684210526316,0.2833333333333333,1.0,0.0,1
M-2002-01,France,Senegal,-1.0,24.34552845528455,25.62204724409449,0.5616438356164384,0.4166666666666667,1.0,0.0,0
M-1998-54,Netherlands,Yugoslavia,1.0,24.26201923076923,25.51469362784841,0.5636363636363636,0.43243243243243246,0.0,1.0,1
M-2010-07,Serbia,Ghana,-1.0,25.820143884892087,23.861538461538462,0.2222222222222222,0.3333333333333333,1.0,0.0,0
M-1930-18,Uruguay,Argentina,2.0,27.48780487804878,26.401805869074494,0.4406779661016949,0.6022727272727273,0.0,1.0,1
M-1958-27,Soviet Union,England,1.0,25.51469362784841,24.073185362927415,0.4838709677419355,0.44594594594594594,1.0,0.0,1
M-1982-15,Brazil,Scotland,3.0,28.03276699029126,25.303249097472925,0.6929824561403509,0.17391304347826086,1.0,0.0,1
M-1974-24,Poland,Italy,1.0,24.462962962962962,25.92349726775956,0.4473684210526316,0.5542168674698795,1.0,0.0,1
M-2002-54,Brazil,Belgium,2.0,28.03276699029126,24.23134328358209,0.6929824561403509,0.43137254901960786,0.0,1.0,1
M-2022-30,South Korea,Ghana,-1.0,25.51469362784841,23.861538461538462,0.21052631578947367,0.3333333333333333,1.0,0.0,0
M-1966-23,Hungary,Bulgaria,2.0,25.914285714285715,26.853658536585368,0.46875,0.15384615384615385,1.0,0.0,1
M-1958-15,Soviet Union,Austria,2.0,25.51469362784841,25.25705329153605,0.4838709677419355,0.41379310344827586,1.0,0.0,1
M-2002-14,South Korea,Poland,2.0,25.51469362784841,24.462962962962962,0.21052631578947367,0.4473684210526316,1.0,0.0,1
M-1966-13,Argentina,West Germany,0.0,26.401805869074494,25.51469362784841,0.6022727272727273,0.6290322580645161,1.0,0.0,0
M-1978-32,Argentina,Brazil,0.0,26.401805869074494,28.03276699029126,0.6022727272727273,0.6929824561403509,1.0,0.0,0
M-2010-23,England,Algeria,0.0,24.073185362927415,26.84,0.44594594594594594,0.23076923076923078,1.0,0.0,0
M-2022-18,Qatar,Senegal,-2.0,25.51469362784841,25.62204724409449,0.0,0.4166666666666667,1.0,0.0,0
M-2006-54,Switzerland,Ukraine,0.0,24.53711790393013,25.28985507246377,0.34146341463414637,0.6,0.0,1.0,0
M-2006-42,Ghana,United States,1.0,23.861538461538462,24.922190201729105,0.3333333333333333,0.24324324324324326,1.0,0.0,1
M-2010-03,South Korea,Greece,2.0,25.51469362784841,24.791666666666668,0.21052631578947367,0.2,1.0,0.0,1
M-1998-02,Morocco,Norway,0.0,25.638297872340427,24.48,0.2608695652173913,0.25,1.0,0.0,0
M-2022-49,Netherlands,United States,2.0,24.26201923076923,24.922190201729105,0.5636363636363636,0.24324324324324326,0.0,1.0,1
M-1938-11,Hungary,Switzerland,2.0,25.914285714285715,24.53711790393013,0.46875,0.34146341463414637,0.0,1.0,1
M-2022-16,Brazil,Serbia,2.0,28.03276699029126,25.820143884892087,0.6929824561403509,0.2222222222222222,1.0,0.0,1
M-1962-22,Italy,Switzerland,3.0,25.92349726775956,24.53711790393013,0.5542168674698795,0.34146341463414637,1.0,0.0,1
M-2010-08,Germany,Australia,4.0,24.42845394736842,24.331632653061224,0.66,0.2,1.0,0.0,1
M-1966-04,Soviet Union,North Korea,3.0,25.51469362784841,25.51469362784841,0.4838709677419355,0.14285714285714285,1.0,0.0,1
M-1930-17,Uruguay,Yugoslavia,5.0,27.48780487804878,25.51469362784841,0.4406779661016949,0.43243243243243246,0.0,1.0,1
M-1994-48,Romania,Sweden,0.0,24.4390243902439,25.01675977653631,0.38095238095238093,0.39215686274509803,0.0,1.0,0
M-1938-14,Brazil,Czechoslovakia,1.0,28.03276699029126,25.51469362784841,0.6929824561403509,0.36666666666666664,0.0,1.0,1
M-2022-36,Wales,England,-3.0,24.897435897435898,24.073185362927415,0.125,0.44594594594594594,1.0,0.0,0
M-2014-38,Italy,Uruguay,-1.0,25.92349726775956,27.48780487804878,0.5542168674698795,0.4406779661016949,1.0,0.0,0
M-1994-52,Brazil,Italy,0.0,28.03276699029126,25.92349726775956,0.6929824561403509,0.5542168674698795,0.0,1.0,1
M-2006-17,Germany,Poland,1.0,24.42845394736842,24.462962962962962,0.66,0.4473684210526316,1.0,0.0,1
M-1994-17,South Korea,Bolivia,0.0,25.51469362784841,25.869565217391305,0.21052631578947367,0.0,1.0,0.0,0
M-1978-14,Brazil,Spain,0.0,28.03276699029126,25.6,0.6929824561403509,0.47761194029850745,1.0,0.0,0
M-2006-49,Germany,Sweden,2.0,24.42845394736842,25.01675977653631,0.66,0.39215686274509803,0.0,1.0,1
M-2002-51,Sweden,Senegal,-1.0,25.01675977653631,25.62204724409449,0.39215686274509803,0.4166666666666667,0.0,1.0,0
M-1970-26,Italy,Mexico,3.0,25.92349726775956,25.04705882352941,0.5542168674698795,0.2833333333333333,0.0,1.0,1
M-1934-09,Austria,Hungary,1.0,25.25705329153605,25.914285714285715,0.41379310344827586,0.46875,0.0,1.0,1
M-2010-46,Portugal,Brazil,0.0,25.25872093023256,28.03276699029126,0.5142857142857142,0.6929824561403509,1.0,0.0,0
M-1990-26,Cameroon,Soviet Union,-4.0,25.076923076923077,25.51469362784841,0.19230769230769232,0.4838709677419355,1.0,0.0,0
M-2022-17,Wales,Iran,-2.0,24.897435897435898,24.666666666666668,0.125,0.16666666666666666,1.0,0.0,0
M-1986-05,Soviet Union,Hungary,6.0,25.51469362784841,25.914285714285715,0.4838709677419355,0.46875,1.0,0.0,1
M-1970-30,Italy,West Germany,1.0,25.92349726775956,25.51469362784841,0.5542168674698795,0.6290322580645161,0.0,1.0,1
M-1938-03,France,Belgium,2.0,24.34552845528455,24.23134328358209,0.5616438356164384,0.43137254901960786,0.0,1.0,1
M-2022-31,Brazil,Switzerland,1.0,28.03276699029126,24.53711790393013,0.6929824561403509,0.34146341463414637,1.0,0.0,1
M-1986-15,South Korea,Bulgaria,0.0,25.51469362784841,26.853658536585368,0.21052631578947367,0.15384615384615385,1.0,0.0,0
M-1994-06,Belgium,Morocco,1.0,24.23134328358209,25.638297872340427,0.43137254901960786,0.2608695652173913,1.0,0.0,1
M-2022-33,Ecuador,Senegal,-1.0,27.92452830188679,25.62204724409449,0.38461538461538464,0.4166666666666667,1.0,0.0,0
M-2014-48,South Korea,Belgium,-1.0,25.51469362784841,24.23134328358209,0.21052631578947367,0.43137254901960786,1.0,0.0,0
M-2022-21,Tunisia,Australia,-1.0,26.4,24.331632653061224,0.16666666666666666,0.2,1.0,0.0,0
M-1966-27,Soviet Union,Hungary,1.0,25.51469362784841,25.914285714285715,0.4838709677419355,0.46875,0.0,1.0,1
M-2014-51,Netherlands,Mexico,1.0,24.26201923076923,25.04705882352941,0.5636363636363636,0.2833333333333333,0.0,1.0,1
M-2014-61,Brazil,Germany,-6.0,28.03276699029126,24.42845394736842,0.6929824561403509,0.66,0.0,1.0,0
M-1994-40,Romania,Argentina,1.0,24.4390243902439,26.401805869074494,0.38095238095238093,0.6022727272727273,0.0,1.0,1
M-2022-35,Iran,United States,-1.0,24.666666666666668,24.922190201729105,0.16666666666666666,0.24324324324324326,1.0,0.0,0
M-2014-28,Germany,Ghana,0.0,24.42845394736842,23.861538461538462,0.66,0.3333333333333333,1.0,0.0,0
M-1998-64,Brazil,France,-3.0,28.03276699029126,24.34552845528455,0.6929824561403509,0.5616438356164384,0.0,1.0,0
M-2022-34,Netherlands,Qatar,2.0,24.26201923076923,25.51469362784841,0.5636363636363636,0.0,1.0,0.0,1
M-1962-27,Czechoslovakia,Hungary,1.0,25.51469362784841,25.914285714285715,0.36666666666666664,0.46875,0.0,1.0,1
M-2014-19,Spain,Chile,-2.0,25.6,25.451351351351352,0.47761194029850745,0.3333333333333333,1.0,0.0,0
M-1962-17,Soviet Union,Uruguay,1.0,25.51469362784841,27.48780487804878,0.4838709677419355,0.4406779661016949,1.0,0.0,1
M-2006-12,South Korea,Togo,1.0,25.51469362784841,26.615384615384617,0.21052631578947367,0.0,1.0,0.0,1
M-2022-13,Switzerland,Cameroon,1.0,24.53711790393013,25.076923076923077,0.34146341463414637,0.19230769230769232,1.0,0.0,1
M-2018-32,Poland,Colombia,-3.0,24.462962962962962,25.507614213197968,0.4473684210526316,0.4090909090909091,1.0,0.0,0
M-1958-11,Paraguay,Scotland,1.0,26.525,25.303249097472925,0.2962962962962963,0.17391304347826086,1.0,0.0,1
M-1970-27,Soviet Union,Uruguay,-1.0,25.51469362784841,27.48780487804878,0.4838709677419355,0.4406779661016949,0.0,1.0,0
M-2006-19,England,Trinidad and Tobago,2.0,24.073185362927415,25.51469362784841,0.44594594594594594,0.0,1.0,0.0,1
M-1958-03,Northern Ireland,Czechoslovakia,1.0,25.617283950617285,25.51469362784841,0.23076923076923078,0.36666666666666664,1.0,0.0,1
M-1990-10,Belgium,South Korea,2.0,24.23134328358209,25.51469362784841,0.43137254901960786,0.21052631578947367,1.0,0.0,1
M-1990-08,Costa Rica,Scotland,1.0,26.166666666666668,25.303249097472925,0.3333333333333333,0.17391304347826086,1.0,0.0,1
M-2010-14,Brazil,North Korea,1.0,28.03276699029126,25.51469362784841,0.6929824561403509,0.14285714285714285,1.0,0.0,1
M-2002-07,England,Sweden,0.0,24.073185362927415,25.01675977653631,0.44594594594594594,0.39215686274509803,1.0,0.0,0
M-2010-44,Denmark,Japan,-2.0,24.286956521739132,26.044150110375277,0.391304347826087,0.28,1.0,0.0,0
M-1958-19,West Germany,Northern Ireland,0.0,25.51469362784841,25.617283950617285,0.6290322580645161,0.23076923076923078,1.0,0.0,0
M-1950-01,Brazil,Mexico,4.0,28.03276699029126,25.04705882352941,0.6929824561403509,0.2833333333333333,1.0,0.0,1
M-1962-16,Hungary,Bulgaria,5.0,25.914285714285715,26.853658536585368,0.46875,0.15384615384615385,1.0,0.0,1
M-1986-44,Denmark,Spain,-4.0,24.286956521739132,25.6,0.391304347826087,0.47761194029850745,0.0,1.0,0
M-2022-11,Spain,Costa Rica,7.0,25.6,26.166666666666668,0.47761194029850745,0.3333333333333333,1.0,0.0,1
M-1970-08,West Germany,Morocco,1.0,25.51469362784841,25.638297872340427,0.6290322580645161,0.2608695652173913,1.0,0.0,1
M-2018-09,Costa Rica,Serbia,-1.0,26.166666666666668,25.820143884892087,0.3333333333333333,0.2222222222222222,1.0,0.0,0
M-2014-15,Belgium,Algeria,1.0,24.23134328358209,26.84,0.43137254901960786,0.23076923076923078,1.0,0.0,1
M-1930-09,Uruguay,Peru,1.0,27.48780487804878,26.228571428571428,0.4406779661016949,0.2777777777777778,1.0,0.0,1
M-2018-62,Croatia,England,1.0,25.23015873015873,24.073185362927415,0.5666666666666667,0.44594594594594594,0.0,1.0,1
M-1938-02,Cuba,Romania,0.0,24.75,24.4390243902439,0.3333333333333333,0.38095238095238093,0.0,1.0,0
M-1990-41,Republic of Ireland,Romania,0.0,24.830459770114942,24.4390243902439,0.23076923076923078,0.38095238095238093,0.0,1.0,1
M-2006-08,Angola,Portugal,-1.0,26.0,25.25872093023256,0.0,0.5142857142857142,1.0,0.0,0
M-1974-22,Sweden,Uruguay,3.0,25.01675977653631,27.48780487804878,0.39215686274509803,0.4406779661016949,1.0,0.0,1
M-1978-34,Italy,Netherlands,-1.0,25.92349726775956,24.26201923076923,0.5542168674698795,0.5636363636363636,1.0,0.0,0
M-2010-10,Japan,Cameroon,1.0,26.044150110375277,25.076923076923077,0.28,0.19230769230769232,1.0,0.0,1
M-1998-56,Argentina,England,0.0,26.401805869074494,24.073185362927415,0.6022727272727273,0.44594594594594594,0.0,1.0,1
M-2002-44,Mexico,Italy,0.0,25.04705882352941,25.92349726775956,0.2833333333333333,0.5542168674698795,1.0,0.0,0
M-2006-64,Italy,France,0.0,25.92349726775956,24.34552845528455,0.5542168674698795,0.5616438356164384,0.0,1.0,1
M-2006-50,Argentina,Mexico,1.0,26.401805869074494,25.04705882352941,0.6022727272727273,0.2833333333333333,0.0,1.0,1
M-1974-31,Poland,Yugoslavia,1.0,24.462962962962962,25.51469362784841,0.4473684210526316,0.43243243243243246,1.0,0.0,1
M-2002-31,Tunisia,Belgium,0.0,26.4,24.23134328358209,0.16666666666666666,0.43137254901960786,1.0,0.0,0
M-1978-28,Argentina,Poland,2.0,26.401805869074494,24.462962962962962,0.6022727272727273,0.4473684210526316,1.0,0.0,1
M-1990-03,United Arab Emirates,Colombia,-2.0,25.136363636363637,25.507614213197968,0.0,0.4090909090909091,1.0,0.0,0
M-1962-15,Spain,Mexico,1.0,25.6,25.04705882352941,0.47761194029850745,0.2833333333333333,1.0,0.0,1
M-2010-52,Argentina,Mexico,2.0,26.401805869074494,25.04705882352941,0.6022727272727273,0.2833333333333333,0.0,1.0,1
M-2002-61,Germany,South Korea,1.0,24.42845394736842,25.51469362784841,0.66,0.21052631578947367,0.0,1.0,1
M-2018-20,Iran,Spain,-1.0,24.666666666666668,25.6,0.16666666666666666,0.47761194029850745,1.0,0.0,0
M-1998-35,Brazil,Norway,-1.0,28.03276699029126,24.48,0.6929824561403509,0.25,1.0,0.0,0
M-2010-55,Paraguay,Japan,0.0,26.525,26.044150110375277,0.2962962962962963,0.28,0.0,1.0,1
M-1994-25,Switzerland,Colombia,-2.0,24.53711790393013,25.507614213197968,0.34146341463414637,0.4090909090909091,1.0,0.0,0
M-1962-12,England,Argentina,2.0,24.073185362927415,26.401805869074494,0.44594594594594594,0.6022727272727273,1.0,0.0,1
M-1962-11,Brazil,Czechoslovakia,0.0,28.03276699029126,25.51469362784841,0.6929824561403509,0.36666666666666664,1.0,0.0,0
M-2006-51,England,Ecuador,1.0,24.073185362927415,27.92452830188679,0.44594594594594594,0.38461538461538464,0.0,1.0,1
M-2018-61,France,Belgium,1.0,24.34552845528455,24.23134328358209,0.5616438356164384,0.43137254901960786,0.0,1.0,1
M-2010-04,Argentina,Nigeria,1.0,26.401805869074494,23.73015873015873,0.6022727272727273,0.2857142857142857,1.0,0.0,1
M-2006-16,Tunisia,Saudi Arabia,0.0,26.4,25.348387096774193,0.16666666666666666,0.21052631578947367,1.0,0.0,0
M-1982-41,Austria,Northern Ireland,0.0,25.25705329153605,25.617283950617285,0.41379310344827586,0.23076923076923078,1.0,0.0,0
M-1990-52,West Germany,Argentina,1.0,25.51469362784841,26.401805869074494,0.6290322580645161,0.6022727272727273,0.0,1.0,1
M-1982-18,Soviet Union,New Zealand,3.0,25.51469362784841,26.057142857142857,0.4838709677419355,0.0,1.0,0.0,1
M-1966-19,Portugal,Brazil,2.0,25.25872093023256,28.03276699029126,0.5142857142857142,0.6929824561403509,1.0,0.0,1
M-1958-23,Brazil,Soviet Union,2.0,28.03276699029126,25.51469362784841,0.6929824561403509,0.4838709677419355,1.0,0.0,1
M-2018-41,South Korea,Germany,2.0,25.51469362784841,24.42845394736842,0.21052631578947367,0.66,1.0,0.0,1
M-2002-29,Japan,Russia,1.0,26.044150110375277,24.790123456790123,0.28,0.35714285714285715,1.0,0.0,1
M-1962-08,Hungary,England,1.0,25.914285714285715,24.073185362927415,0.46875,0.44594594594594594,1.0,0.0,1
M-2022-24,Argentina,Mexico,2.0,26.401805869074494,25.04705882352941,0.6022727272727273,0.2833333333333333,1.0,0.0,1
M-1966-30,England,Portugal,1.0,24.073185362927415,25.25872093023256,0.44594594594594594,0.5142857142857142,0.0,1.0,1
M-2002-30,South Korea,United States,0.0,25.51469362784841,24.922190201729105,0.21052631578947367,0.24324324324324326,1.0,0.0,0
M-1978-10,Poland,Tunisia,1.0,24.462962962962962,26.4,0.4473684210526316,0.16666666666666666,1.0,0.0,1
M-1978-24,Scotland,Netherlands,1.0,25.303249097472925,24.26201923076923,0.17391304347826086,0.5636363636363636,1.0,0.0,1
M-1986-41,Italy,France,-2.0,25.92349726775956,24.34552845528455,0.5542168674698795,0.5616438356164384,0.0,1.0,0
M-1958-22,Hungary,Mexico,4.0,25.914285714285715,25.04705882352941,0.46875,0.2833333333333333,1.0,0.0,1
M-1966-16,England,Mexico,2.0,24.073185362927415,25.04705882352941,0.44594594594594594,0.2833333333333333,1.0,0.0,1
M-1970-03,England,Romania,1.0,24.073185362927415,24.4390243902439,0.44594594594594594,0.38095238095238093,1.0,0.0,1
M-1990-27,West Germany,Colombia,0.0,25.51469362784841,25.507614213197968,0.6290322580645161,0.4090909090909091,1.0,0.0,0
M-1974-15,Argentina,Italy,0.0,26.401805869074494,25.92349726775956,0.6022727272727273,0.5542168674698795,1.0,0.0,0
M-1990-04,Italy,Austria,1.0,25.92349726775956,25.25705329153605,0.5542168674698795,0.41379310344827586,1.0,0.0,1
M-2010-29,Brazil,Ivory Coast,2.0,28.03276699029126,25.01904761904762,0.6929824561403509,0.3333333333333333,1.0,0.0,1
M-2010-32,Spain,Honduras,2.0,25.6,26.23076923076923,0.47761194029850745,0.0,1.0,0.0,1
M-2018-19,Uruguay,Saudi Arabia,1.0,27.48780487804878,25.348387096774193,0.4406779661016949,0.21052631578947367,1.0,0.0,1
M-1958-29,France,Northern Ireland,4.0,24.34552845528455,25.617283950617285,0.5616438356164384,0.23076923076923078,0.0,1.0,1
M-2002-58,Germany,United States,1.0,24.42845394736842,24.922190201729105,0.66,0.24324324324324326,0.0,1.0,1
M-1986-43,England,Paraguay,3.0,24.073185362927415,26.525,0.44594594594594594,0.2962962962962963,0.0,1.0,1
M-2010-48,Switzerland,Honduras,0.0,24.53711790393013,26.23076923076923,0.34146341463414637,0.0,1.0,0.0,0
M-2010-34,Mexico,Uruguay,-1.0,25.04705882352941,27.48780487804878,0.2833333333333333,0.4406779661016949,1.0,0.0,0
M-2018-44,Switzerland,Costa Rica,0.0,24.53711790393013,26.166666666666668,0.34146341463414637,0.3333333333333333,1.0,0.0,0
M-1970-20,West Germany,Peru,2.0,25.51469362784841,26.228571428571428,0.6290322580645161,0.2777777777777778,1.0,0.0,1
M-2002-62,Brazil,Turkey,1.0,28.03276699029126,24.88095238095238,0.6929824561403509,0.5,0.0,1.0,1
M-2018-46,Senegal,Colombia,-1.0,25.62204724409449,25.507614213197968,0.4166666666666667,0.4090909090909091,1.0,0.0,0
M-2010-16,Spain,Switzerland,-1.0,25.6,24.53711790393013,0.47761194029850745,0.34146341463414637,1.0,0.0,0
M-2018-53,Brazil,Mexico,2.0,28.03276699029126,25.04705882352941,0.6929824561403509,0.2833333333333333,0.0,1.0,1
M-2018-50,Uruguay,Portugal,1.0,27.48780487804878,25.25872093023256,0.4406779661016949,0.5142857142857142,0.0,1.0,1
M-2002-45,Belgium,Russia,1.0,24.23134328358209,24.790123456790123,0.43137254901960786,0.35714285714285715,1.0,0.0,1
M-2014-36,Croatia,Mexico,-2.0,25.23015873015873,25.04705882352941,0.5666666666666667,0.2833333333333333,1.0,0.0,0
M-2010-24,Netherlands,Japan,1.0,24.26201923076923,26.044150110375277,0.5636363636363636,0.28,1.0,0.0,1
M-1986-27,Argentina,Bulgaria,2.0,26.401805869074494,26.853658536585368,0.6022727272727273,0.15384615384615385,1.0,0.0,1
M-2022-37,Australia,Denmark,1.0,24.331632653061224,24.286956521739132,0.2,0.391304347826087,1.0,0.0,1
M-1994-46,Netherlands,Brazil,-1.0,24.26201923076923,28.03276699029126,0.5636363636363636,0.6929824561403509,0.0,1.0,0
M-1974-36,Sweden,Yugoslavia,1.0,25.01675977653631,25.51469362784841,0.39215686274509803,0.43243243243243246,1.0,0.0,1
M-2014-17,Russia,South Korea,0.0,24.790123456790123,25.51469362784841,0.35714285714285715,0.21052631578947367,1.0,0.0,0
M-1990-30,Italy,Czechoslovakia,2.0,25.92349726775956,25.51469362784841,0.5542168674698795,0.36666666666666664,1.0,0.0,1
M-1994-33,Belgium,Saudi Arabia,-1.0,24.23134328358209,25.348387096774193,0.43137254901960786,0.21052631578947367,1.0,0.0,0
M-1958-12,Yugoslavia,France,1.0,25.51469362784841,24.34552845528455,0.43243243243243246,0.5616438356164384,1.0,0.0,1
M-2006-48,Togo,France,-2.0,26.615384615384617,24.34552845528455,0.0,0.5616438356164384,1.0,0.0,0
M-1974-01,Brazil,Yugoslavia,0.0,28.03276699029126,25.51469362784841,0.6929824561403509,0.43243243243243246,1.0,0.0,0
M-2018-02,Egypt,Uruguay,-1.0,27.4,27.48780487804878,0.0,0.4406779661016949,1.0,0.0,0
M-2002-28,Costa Rica,Turkey,0.0,26.166666666666668,24.88095238095238,0.3333333333333333,0.5,1.0,0.0,0
M-2006-28,Brazil,Australia,2.0,28.03276699029126,24.331632653061224,0.6929824561403509,0.2,1.0,0.0,1
M-1986-14,France,Soviet Union,0.0,24.34552845528455,25.51469362784841,0.5616438356164384,0.4838709677419355,1.0,0.0,0
M-2022-46,South Korea,Portugal,1.0,25.51469362784841,25.25872093023256,0.21052631578947367,0.5142857142857142,1.0,0.0,1
M-2014-40,Greece,Ivory Coast,1.0,24.791666666666668,25.01904761904762,0.2,0.3333333333333333,1.0,0.0,1
M-1974-02,West Germany,Chile,1.0,25.51469362784841,25.451351351351352,0.6290322580645161,0.3333333333333333,1.0,0.0,1
M-2010-49,Uruguay,South Korea,1.0,27.48780487804878,25.51469362784841,0.4406779661016949,0.21052631578947367,0.0,1.0,1
M-2006-33,Costa Rica,Poland,-1.0,26.166666666666668,24.462962962962962,0.3333333333333333,0.4473684210526316,1.0,0.0,0
M-1982-10,Chile,Austria,-1.0,25.451351351351352,25.25705329153605,0.3333333333333333,0.41379310344827586,1.0,0.0,0
M-2006-05,Argentina,Ivory Coast,1.0,26.401805869074494,25.01904761904762,0.6022727272727273,0.3333333333333333,1.0,0.0,1
M-1986-51,Belgium,France,-2.0,24.23134328358209,24.34552845528455,0.43137254901960786,0.5616438356164384,0.0,1.0,0
M-2018-29,Germany,Sweden,1.0,24.42845394736842,25.01675977653631,0.66,0.39215686274509803,1.0,0.0,1
M-2010-02,Uruguay,France,0.0,27.48780487804878,24.34552845528455,0.4406779661016949,0.5616438356164384,1.0,0.0,0
M-1982-51,Poland,France,1.0,24.462962962962962,24.34552845528455,0.4473684210526316,0.5616438356164384,0.0,1.0,1
M-1974-27,Netherlands,Argentina,4.0,24.26201923076923,26.401805869074494,0.5636363636363636,0.6022727272727273,1.0,0.0,1
M-2010-37,Slovenia,England,-1.0,26.491803278688526,24.073185362927415,0.16666666666666666,0.44594594594594594,1.0,0.0,0
M-2002-48,Portugal,South Korea,-1.0,25.25872093023256,25.51469362784841,0.5142857142857142,0.21052631578947367,1.0,0.0,0
M-2002-53,Mexico,United States,-2.0,25.04705882352941,24.922190201729105,0.2833333333333333,0.24324324324324326,0.0,1.0,0
M-1978-13,Austria,Sweden,1.0,25.25705329153605,25.01675977653631,0.41379310344827586,0.39215686274509803,1.0,0.0,1
M-1986-17,Brazil,Algeria,1.0,28.03276699029126,26.84,0.6929824561403509,0.23076923076923078,1.0,0.0,1
M-1986-25,Hungary,France,-3.0,25.914285714285715,24.34552845528455,0.46875,0.5616438356164384,1.0,0.0,0
M-1970-25,Brazil,Peru,2.0,28.03276699029126,26.228571428571428,0.6929824561403509,0.2777777777777778,0.0,1.0,1
M-2022-19,Netherlands,Ecuador,0.0,24.26201923076923,27.92452830188679,0.5636363636363636,0.38461538461538464,1.0,0.0,0
M-2014-12,Germany,Portugal,4.0,24.42845394736842,25.25872093023256,0.66,0.5142857142857142,1.0,0.0,1
M-1994-09,Brazil,Russia,2.0,28.03276699029126,24.790123456790123,0.6929824561403509,0.35714285714285715,1.0,0.0,1
M-1982-40,West Germany,England,0.0,25.51469362784841,24.073185362927415,0.6290322580645161,0.44594594594594594,1.0,0.0,0
M-1994-42,Brazil,United States,1.0,28.03276699029126,24.922190201729105,0.6929824561403509,0.24324324324324326,0.0,1.0,1
M-2002-60,Senegal,Turkey,-1.0,25.62204724409449,24.88095238095238,0.4166666666666667,0.5,0.0,1.0,0
M-2022-52,England,Senegal,3.0,24.073185362927415,25.62204724409449,0.44594594594594594,0.4166666666666667,0.0,1.0,1
M-2018-59,Sweden,England,-2.0,25.01675977653631,24.073185362927415,0.39215686274509803,0.44594594594594594,0.0,1.0,0
M-2018-48,Panama,Tunisia,-1.0,25.833333333333332,26.4,0.0,0.16666666666666666,1.0,0.0,0
M-2002-40,South Africa,Spain,-1.0,26.98611111111111,25.6,0.2222222222222222,0.47761194029850745,1.0,0.0,0
M-2014-52,Costa Rica,Greece,0.0,26.166666666666668,24.791666666666668,0.3333333333333333,0.2,0.0,1.0,1
M-2006-02,Poland,Ecuador,-2.0,24.462962962962962,27.92452830188679,0.4473684210526316,0.38461538461538464,1.0,0.0,0
M-2018-31,Japan,Senegal,0.0,26.044150110375277,25.62204724409449,0.28,0.4166666666666667,1.0,0.0,0
M-1998-41,Belgium,South Korea,0.0,24.23134328358209,25.51469362784841,0.43137254901960786,0.21052631578947367,1.0,0.0,0
M-2022-23,France,Denmark,1.0,24.34552845528455,24.286956521739132,0.5616438356164384,0.391304347826087,1.0,0.0,1
M-1998-62,France,Croatia,1.0,24.34552845528455,25.23015873015873,0.5616438356164384,0.5666666666666667,0.0,1.0,1
M-1954-11,Austria,Czechoslovakia,5.0,25.25705329153605,25.51469362784841,0.41379310344827586,0.36666666666666664,1.0,0.0,1
M-1974-11,Scotland,Brazil,0.0,25.303249097472925,28.03276699029126,0.17391304347826086,0.6929824561403509,1.0,0.0,0
M-2006-55,Brazil,Ghana,3.0,28.03276699029126,23.861538461538462,0.6929824561403509,0.3333333333333333,0.0,1.0,1
M-1962-24,England,Bulgaria,0.0,24.073185362927415,26.853658536585368,0.44594594594594594,0.15384615384615385,1.0,0.0,0
M-1998-09,South Korea,Mexico,-2.0,25.51469362784841,25.04705882352941,0.21052631578947367,0.2833333333333333,1.0,0.0,0
M-1938-01,Switzerland,Germany,0.0,24.53711790393013,24.42845394736842,0.34146341463414637,0.66,0.0,1.0,0
M-1998-25,Japan,Croatia,-1.0,26.044150110375277,25.23015873015873,0.28,0.5666666666666667,1.0,0.0,0
M-1966-03,Brazil,Bulgaria,2.0,28.03276699029126,26.853658536585368,0.6929824561403509,0.15384615384615385,1.0,0.0,1
M-2006-11,Italy,Ghana,2.0,25.92349726775956,23.861538461538462,0.5542168674698795,0.3333333333333333,1.0,0.0,1
M-2022-28,Spain,Germany,0.0,25.6,24.42845394736842,0.47761194029850745,0.66,1.0,0.0,0
M-2014-54,Germany,Algeria,1.0,24.42845394736842,26.84,0.66,0.23076923076923078,0.0,1.0,1
M-2014-45,Portugal,Ghana,1.0,25.25872093023256,23.861538461538462,0.5142857142857142,0.3333333333333333,1.0,0.0,1
M-2022-10,Germany,Japan,-1.0,24.42845394736842,26.044150110375277,0.66,0.28,1.0,0.0,0
M-2010-26,Cameroon,Denmark,-1.0,25.076923076923077,24.286956521739132,0.19230769230769232,0.391304347826087,1.0,0.0,0
M-1954-21,Hungary,Brazil,2.0,25.914285714285715,28.03276699029126,0.46875,0.6929824561403509,0.0,1.0,1
M-1998-48,Romania,Tunisia,0.0,24.4390243902439,26.4,0.38095238095238093,0.16666666666666666,1.0,0.0,0
M-1974-09,Australia,West Germany,-3.0,24.331632653061224,25.51469362784841,0.2,0.6290322580645161,1.0,0.0,0
M-2010-35,Greece,Argentina,-2.0,24.791666666666668,26.401805869074494,0.2,0.6022727272727273,1.0,0.0,0
M-1998-59,Netherlands,Argentina,1.0,24.26201923076923,26.401805869074494,0.5636363636363636,0.6022727272727273,0.0,1.0,1
M-2006-47,Switzerland,South Korea,2.0,24.53711790393013,25.51469362784841,0.34146341463414637,0.21052631578947367,1.0,0.0,1
M-1990-49,Argentina,Italy,0.0,26.401805869074494,25.92349726775956,0.6022727272727273,0.5542168674698795,0.0,1.0,1
M-1998-38,South Africa,Saudi Arabia,0.0,26.98611111111111,25.348387096774193,0.2222222222222222,0.21052631578947367,1.0,0.0,0
M-2018-10,Germany,Mexico,-1.0,24.42845394736842,25.04705882352941,0.66,0.2833333333333333,1.0,0.0,0
M-1970-07,Brazil,Czechoslovakia,3.0,28.03276699029126,25.51469362784841,0.6929824561403509,0.36666666666666664,1.0,0.0,1
M-1986-33,Algeria,Spain,-3.0,26.84,25.6,0.23076923076923078,0.47761194029850745,1.0,0.0,0
M-2014-23,Japan,Greece,0.0,26.044150110375277,24.791666666666668,0.28,0.2,1.0,0.0,0
M-1986-38,Soviet Union,Belgium,-1.0,25.51469362784841,24.23134328358209,0.4838709677419355,0.43137254901960786,0.0,1.0,0
M-2010-59,Argentina,Germany,-4.0,26.401805869074494,24.42845394736842,0.6022727272727273,0.66,0.0,1.0,0
M-2014-46,United States,Germany,-1.0,24.922190201729105,24.42845394736842,0.24324324324324326,0.66,1.0,0.0,0
M-1970-18,Sweden,Uruguay,1.0,25.01675977653631,27.48780487804878,0.39215686274509803,0.4406779661016949,1.0,0.0,1
M-1930-05,Argentina,France,1.0,26.401805869074494,24.34552845528455,0.6022727272727273,0.5616438356164384,1.0,0.0,1
M-2010-61,Uruguay,Netherlands,-1.0,27.48780487804878,24.26201923076923,0.4406779661016949,0.5636363636363636,0.0,1.0,0
M-2002-63,South Korea,Turkey,-1.0,25.51469362784841,24.88095238095238,0.21052631578947367,0.5,0.0,1.0,0
M-2018-28,South Korea,Mexico,-1.0,25.51469362784841,25.04705882352941,0.21052631578947367,0.2833333333333333,1.0,0.0,0
M-2002-33,Denmark,France,2.0,24.286956521739132,24.34552845528455,0.391304347826087,0.5616438356164384,1.0,0.0,1
M-2010-31,Chile,Switzerland,1.0,25.451351351351352,24.53711790393013,0.3333333333333333,0.34146341463414637,1.0,0.0,1
M-1998-31,Colombia,Tunisia,1.0,25.507614213197968,26.4,0.4090909090909091,0.16666666666666666,1.0,0.0,1
M-2010-18,Argentina,South Korea,3.0,26.401805869074494,25.51469362784841,0.6022727272727273,0.21052631578947367,1.0,0.0,1
M-2006-40,Netherlands,Argentina,0.0,24.26201923076923,26.401805869074494,0.5636363636363636,0.6022727272727273,1.0,0.0,0
M-1954-24,West Germany,Austria,5.0,25.51469362784841,25.25705329153605,0.6290322580645161,0.41379310344827586,0.0,1.0,1
M-2014-33,Australia,Spain,-3.0,24.331632653061224,25.6,0.2,0.47761194029850745,1.0,0.0,0
M-2010-20,France,Mexico,-2.0,24.34552845528455,25.04705882352941,0.5616438356164384,0.2833333333333333,1.0,0.0,0
M-1998-58,Brazil,Denmark,1.0,28.03276699029126,24.286956521739132,0.6929824561403509,0.391304347826087,0.0,1.0,1
M-1986-47,Argentina,England,1.0,26.401805869074494,24.073185362927415,0.6022727272727273,0.44594594594594594,0.0,1.0,1
M-1994-39,Saudi Arabia,Sweden,-2.0,25.348387096774193,25.01675977653631,0.21052631578947367,0.39215686274509803,0.0,1.0,0
M-1938-13,Sweden,Cuba,8.0,25.01675977653631,24.75,0.39215686274509803,0.3333333333333333,0.0,1.0,1
M-1934-15,Italy,Austria,1.0,25.92349726775956,25.25705329153605,0.5542168674698795,0.41379310344827586,0.0,1.0,1
M-2014-08,Ivory Coast,Japan,1.0,25.01904761904762,26.044150110375277,0.3333333333333333,0.28,1.0,0.0,1
M-1970-01,Mexico,Soviet Union,0.0,25.04705882352941,25.51469362784841,0.2833333333333333,0.4838709677419355,1.0,0.0,0
M-1958-34,France,West Germany,3.0,24.34552845528455,25.51469362784841,0.5616438356164384,0.6290322580645161,0.0,1.0,1
M-1934-10,Czechoslovakia,Switzerland,1.0,25.51469362784841,24.53711790393013,0.36666666666666664,0.34146341463414637,0.0,1.0,1
M-2018-12,Sweden,South Korea,1.0,25.01675977653631,25.51469362784841,0.39215686274509803,0.21052631578947367,1.0,0.0,1
M-1970-31,West Germany,Uruguay,1.0,25.51469362784841,27.48780487804878,0.6290322580645161,0.4406779661016949,0.0,1.0,1
M-1994-26,United States,Romania,-1.0,24.922190201729105,24.4390243902439,0.24324324324324326,0.38095238095238093,1.0,0.0,0
M-2014-01,Brazil,Croatia,2.0,28.03276699029126,25.23015873015873,0.6929824561403509,0.5666666666666667,1.0,0.0,1
M-1986-19,Mexico,Paraguay,0.0,25.04705882352941,26.525,0.2833333333333333,0.2962962962962963,1.0,0.0,0
M-1978-19,West Germany,Tunisia,0.0,25.51469362784841,26.4,0.6290322580645161,0.16666666666666666,1.0,0.0,0
M-1990-07,West Germany,Yugoslavia,3.0,25.51469362784841,25.51469362784841,0.6290322580645161,0.43243243243243246,1.0,0.0,1
M-2006-31,Saudi Arabia,Ukraine,-4.0,25.348387096774193,25.28985507246377,0.21052631578947367,0.6,1.0,0.0,0
M-1986-32,Portugal,Morocco,-2.0,25.25872093023256,25.638297872340427,0.5142857142857142,0.2608695652173913,1.0,0.0,0
M-2002-13,Japan,Belgium,0.0,26.044150110375277,24.23134328358209,0.28,0.43137254901960786,1.0,0.0,0
M-1994-35,Argentina,Bulgaria,-2.0,26.401805869074494,26.853658536585368,0.6022727272727273,0.15384615384615385,1.0,0.0,0
M-1962-03,Brazil,Mexico,2.0,28.03276699029126,25.04705882352941,0.6929824561403509,0.2833333333333333,1.0,0.0,1
M-1950-10,Sweden,Paraguay,0.0,25.01675977653631,26.525,0.39215686274509803,0.2962962962962963,1.0,0.0,0
M-1994-08,Cameroon,Sweden,0.0,25.076923076923077,25.01675977653631,0.19230769230769232,0.39215686274509803,1.0,0.0,0
M-2006-04,Trinidad and Tobago,Sweden,0.0,25.51469362784841,25.01675977653631,0.0,0.39215686274509803,1.0,0.0,0
M-1958-28,Brazil,Wales,1.0,28.03276699029126,24.897435897435898,0.6929824561403509,0.125,0.0,1.0,1
M-2022-41,Canada,Morocco,-1.0,24.508196721311474,25.638297872340427,0.0,0.2608695652173913,1.0,0.0,0
M-1998-05,Paraguay,Bulgaria,0.0,26.525,26.853658536585368,0.2962962962962963,0.15384615384615385,1.0,0.0,0
M-2018-03,Morocco,Iran,-1.0,25.638297872340427,24.666666666666668,0.2608695652173913,0.16666666666666666,1.0,0.0,0
M-1950-12,Chile,United States,3.0,25.451351351351352,24.922190201729105,0.3333333333333333,0.24324324324324326,1.0,0.0,1
M-2014-41,Bosnia and Herzegovina,Iran,2.0,25.51469362784841,24.666666666666668,0.3333333333333333,0.16666666666666666,1.0,0.0,1
M-1930-15,Argentina,Chile,2.0,26.401805869074494,25.451351351351352,0.6022727272727273,0.3333333333333333,1.0,0.0,1
M-1962-21,Yugoslavia,Colombia,5.0,25.51469362784841,25.507614213197968,0.43243243243243246,0.4090909090909091,1.0,0.0,1
M-1938-06,Brazil,Poland,1.0,28.03276699029126,24.462962962962962,0.6929824561403509,0.4473684210526316,0.0,1.0,1
M-1994-29,Italy,Mexico,0.0,25.92349726775956,25.04705882352941,0.5542168674698795,0.2833333333333333,1.0,0.0,0
M-1986-20,Northern Ireland,Spain,-1.0,25.617283950617285,25.6,0.23076923076923078,0.47761194029850745,1.0,0.0,0
M-1966-20,North Korea,Italy,1.0,25.51469362784841,25.92349726775956,0.14285714285714285,0.5542168674698795,1.0,0.0,1
M-2010-56,Spain,Portugal,1.0,25.6,25.25872093023256,0.47761194029850745,0.5142857142857142,0.0,1.0,1
M-1970-17,Soviet Union,El Salvador,2.0,25.51469362784841,27.5,0.4838709677419355,0.0,1.0,0.0,1
M-2014-20,Cameroon,Croatia,-4.0,25.076923076923077,25.23015873015873,0.19230769230769232,0.5666666666666667,1.0,0.0,0
M-1938-18,Italy,Hungary,2.0,25.92349726775956,25.914285714285715,0.5542168674698795,0.46875,0.0,1.0,1
M-1982-30,Brazil,New Zealand,4.0,28.03276699029126,26.057142857142857,0.6929824561403509,0.0,1.0,0.0,1
M-2010-41,Paraguay,New Zealand,0.0,26.525,26.057142857142857,0.2962962962962963,0.0,1.0,0.0,0
M-2010-12,New Zealand,Slovakia,0.0,26.057142857142857,26.203703703703702,0.0,0.25,1.0,0.0,0
M-2010-17,South Africa,Uruguay,-3.0,26.98611111111111,27.48780487804878,0.2222222222222222,0.4406779661016949,1.0,0.0,0
M-1978-26,Italy,West Germany,0.0,25.92349726775956,25.51469362784841,0.5542168674698795,0.6290322580645161,1.0,0.0,0
M-2006-58,Italy,Ukraine,3.0,25.92349726775956,25.28985507246377,0.5542168674698795,0.6,0.0,1.0,1
M-1974-20,East Germany,West Germany,1.0,25.51469362784841,25.51469362784841,0.3333333333333333,0.6290322580645161,1.0,0.0,1
M-2010-19,Greece,Nigeria,1.0,24.791666666666668,23.73015873015873,0.2,0.2857142857142857,1.0,0.0,1
M-1990-50,West Germany,England,0.0,25.51469362784841,24.073185362927415,0.6290322580645161,0.44594594594594594,0.0,1.0,1
M-1990-44,England,Belgium,1.0,24.073185362927415,24.23134328358209,0.44594594594594594,0.43137254901960786,0.0,1.0,1
M-2022-61,Argentina,Croatia,3.0,26.401805869074494,25.23015873015873,0.6022727272727273,0.5666666666666667,0.0,1.0,1
M-2014-44,Ecuador,France,0.0,27.92452830188679,24.34552845528455,0.38461538461538464,0.5616438356164384,1.0,0.0,0
M-2018-27,Belgium,Tunisia,3.0,24.23134328358209,26.4,0.43137254901960786,0.16666666666666666,1.0,0.0,1
M-1974-38,Netherlands,West Germany,-1.0,24.26201923076923,25.51469362784841,0.5636363636363636,0.6290322580645161,0.0,1.0,0
M-1970-02,Uruguay,Israel,2.0,27.48780487804878,28.25,0.4406779661016949,0.0,1.0,0.0,1
M-1962-26,Chile,Soviet Union,1.0,25.451351351351352,25.51469362784841,0.3333333333333333,0.4838709677419355,0.0,1.0,1
M-1998-40,Spain,Bulgaria,5.0,25.6,26.853658536585368,0.47761194029850745,0.15384615384615385,1.0,0.0,1
M-2010-22,Slovenia,United States,0.0,26.491803278688526,24.922190201729105,0.16666666666666666,0.24324324324324326,1.0,0.0,0
M-1986-42,Morocco,West Germany,-1.0,25.638297872340427,25.51469362784841,0.2608695652173913,0.6290322580645161,0.0,1.0,0
M-2006-59,England,Portugal,0.0,24.073185362927415,25.25872093023256,0.44594594594594594,0.5142857142857142,0.0,1.0,0
M-1994-13,Nigeria,Bulgaria,3.0,23.73015873015873,26.853658536585368,0.2857142857142857,0.15384615384615385,1.0,0.0,1
M-2014-50,Colombia,Uruguay,2.0,25.507614213197968,27.48780487804878,0.4090909090909091,0.4406779661016949,0.0,1.0,1
M-2010-64,Netherlands,Spain,-1.0,24.26201923076923,25.6,0.5636363636363636,0.47761194029850745,0.0,1.0,0
M-1958-05,Yugoslavia,Scotland,0.0,25.51469362784841,25.303249097472925,0.43243243243243246,0.17391304347826086,1.0,0.0,0
M-1998-50,Brazil,Chile,3.0,28.03276699029126,25.451351351351352,0.6929824561403509,0.3333333333333333,0.0,1.0,1
M-1986-30,Paraguay,Belgium,0.0,26.525,24.23134328358209,0.2962962962962963,0.43137254901960786,1.0,0.0,0
M-1930-02,United States,Belgium,3.0,24.922190201729105,24.23134328358209,0.24324324324324326,0.43137254901960786,1.0,0.0,1
M-2022-03,Senegal,Netherlands,-2.0,25.62204724409449,24.26201923076923,0.4166666666666667,0.5636363636363636,1.0,0.0,0
M-2022-47,Cameroon,Brazil,1.0,25.076923076923077,28.03276699029126,0.19230769230769232,0.6929824561403509,1.0,0.0,1
M-1998-46,Japan,Jamaica,-1.0,26.044150110375277,27.79310344827586,0.28,0.3333333333333333,1.0,0.0,0
M-1954-06,Hungary,South Korea,9.0,25.914285714285715,25.51469362784841,0.46875,0.21052631578947367,1.0,0.0,1
M-1970-06,Italy,Sweden,1.0,25.92349726775956,25.01675977653631,0.5542168674698795,0.39215686274509803,1.0,0.0,1
M-1934-17,Italy,Czechoslovakia,1.0,25.92349726775956,25.51469362784841,0.5542168674698795,0.36666666666666664,0.0,1.0,1
M-2014-04,Chile,Australia,2.0,25.451351351351352,24.331632653061224,0.3333333333333333,0.2,1.0,0.0,1
M-1994-45,Italy,Spain,1.0,25.92349726775956,25.6,0.5542168674698795,0.47761194029850745,0.0,1.0,1
M-1990-16,Italy,United States,1.0,25.92349726775956,24.922190201729105,0.5542168674698795,0.24324324324324326,1.0,0.0,1
M-1990-43,Spain,Yugoslavia,-1.0,25.6,25.51469362784841,0.47761194029850745,0.43243243243243246,0.0,1.0,0
M-1986-07,Belgium,Mexico,-1.0,24.23134328358209,25.04705882352941,0.43137254901960786,0.2833333333333333,1.0,0.0,0
M-1954-17,West Germany,Turkey,5.0,25.51469362784841,24.88095238095238,0.6290322580645161,0.5,1.0,0.0,1
M-1982-32,France,Czechoslovakia,0.0,24.34552845528455,25.51469362784841,0.5616438356164384,0.36666666666666664,1.0,0.0,0
M-1998-49,Italy,Norway,1.0,25.92349726775956,24.48,0.5542168674698795,0.25,0.0,1.0,1
M-1982-38,Poland,Belgium,3.0,24.462962962962962,24.23134328358209,0.4473684210526316,0.43137254901960786,1.0,0.0,1
M-2014-05,Colombia,Greece,3.0,25.507614213197968,24.791666666666668,0.4090909090909091,0.2,1.0,0.0,1
M-1974-10,Chile,East Germany,0.0,25.451351351351352,25.51469362784841,0.3333333333333333,0.3333333333333333,1.0,0.0,0
M-1930-14,Uruguay,Romania,4.0,27.48780487804878,24.4390243902439,0.4406779661016949,0.38095238095238093,1.0,0.0,1
M-1982-08,England,France,2.0,24.073185362927415,24.34552845528455,0.44594594594594594,0.5616438356164384,1.0,0.0,1
M-2002-21,Sweden,Nigeria,1.0,25.01675977653631,23.73015873015873,0.39215686274509803,0.2857142857142857,1.0,0.0,1
M-1986-28,South Korea,Italy,-1.0,25.51469362784841,25.92349726775956,0.21052631578947367,0.5542168674698795,1.0,0.0,0
M-1978-04,Argentina,Hungary,1.0,26.401805869074494,25.914285714285715,0.6022727272727273,0.46875,1.0,0.0,1
M-1962-31,Chile,Yugoslavia,1.0,25.451351351351352,25.51469362784841,0.3333333333333333,0.43243243243243246,0.0,1.0,1
M-2018-05,France,Australia,1.0,24.34552845528455,24.331632653061224,0.5616438356164384,0.2,1.0,0.0,1
M-2022-57,Croatia,Brazil,0.0,25.23015873015873,28.03276699029126,0.5666666666666667,0.6929824561403509,0.0,1.0,1
M-2006-03,England,Paraguay,1.0,24.073185362927415,26.525,0.44594594594594594,0.2962962962962963,1.0,0.0,1
M-2014-47,Algeria,Russia,0.0,26.84,24.790123456790123,0.23076923076923078,0.35714285714285715,1.0,0.0,0
M-1994-21,Belgium,Netherlands,1.0,24.23134328358209,24.26201923076923,0.43137254901960786,0.5636363636363636,1.0,0.0,1
M-2022-45,Ghana,Uruguay,-2.0,23.861538461538462,27.48780487804878,0.3333333333333333,0.4406779661016949,1.0,0.0,0
M-1994-41,Netherlands,Republic of Ireland,2.0,24.26201923076923,24.830459770114942,0.5636363636363636,0.23076923076923078,0.0,1.0,1
M-2014-60,Netherlands,Costa Rica,0.0,24.26201923076923,26.166666666666668,0.5636363636363636,0.3333333333333333,0.0,1.0,1
M-1974-12,Yugoslavia,Zaire,9.0,25.51469362784841,25.51469362784841,0.43243243243243246,0.0,1.0,0.0,1
M-1998-51,France,Paraguay,1.0,24.34552845528455,26.525,0.5616438356164384,0.2962962962962963,0.0,1.0,1
M-2018-40,Nigeria,Argentina,-1.0,23.73015873015873,26.401805869074494,0.2857142857142857,0.6022727272727273,1.0,0.0,0
M-1998-47,Colombia,England,-2.0,25.507614213197968,24.073185362927415,0.4090909090909091,0.44594594594594594,1.0,0.0,0
M-2006-43,Croatia,Australia,0.0,25.23015873015873,24.331632653061224,0.5666666666666667,0.2,1.0,0.0,0
M-1966-22,West Germany,Spain,1.0,25.51469362784841,25.6,0.6290322580645161,0.47761194029850745,1.0,0.0,1
M-2014-11,Argentina,Bosnia and Herzegovina,1.0,26.401805869074494,25.51469362784841,0.6022727272727273,0.3333333333333333,1.0,0.0,1
M-2006-56,Spain,France,-2.0,25.6,24.34552845528455,0.47761194029850745,0.5616438356164384,0.0,1.0,0
M-1994-12,Germany,Spain,0.0,24.42845394736842,25.6,0.66,0.47761194029850745,1.0,0.0,0
M-2006-38,Portugal,Mexico,1.0,25.25872093023256,25.04705882352941,0.5142857142857142,0.2833333333333333,1.0,0.0,1
M-1994-47,Bulgaria,Germany,1.0,26.853658536585368,24.42845394736842,0.15384615384615385,0.66,0.0,1.0,1
M-1950-06,Brazil,Switzerland,0.0,28.03276699029126,24.53711790393013,0.6929824561403509,0.34146341463414637,1.0,0.0,0
M-1994-11,Argentina,Greece,4.0,26.401805869074494,24.791666666666668,0.6022727272727273,0.2,1.0,0.0,1
M-1998-45,Argentina,Croatia,1.0,26.401805869074494,25.23015873015873,0.6022727272727273,0.5666666666666667,1.0,0.0,1
M-2018-21,Denmark,Australia,0.0,24.286956521739132,24.331632653061224,0.391304347826087,0.2,1.0,0.0,0
M-2010-40,Ghana,Germany,-1.0,23.861538461538462,24.42845394736842,0.3333333333333333,0.66,1.0,0.0,0
M-1974-21,Bulgaria,Netherlands,-3.0,26.853658536585368,24.26201923076923,0.15384615384615385,0.5636363636363636,1.0,0.0,0
M-1934-04,Hungary,Egypt,2.0,25.914285714285715,27.4,0.46875,0.0,0.0,1.0,1
M-1982-06,Scotland,New Zealand,3.0,25.303249097472925,26.057142857142857,0.17391304347826086,0.0,1.0,0.0,1
M-1990-48,Cameroon,England,-1.0,25.076923076923077,24.073185362927415,0.19230769230769232,0.44594594594594594,0.0,1.0,0
M-1962-25,Brazil,England,2.0,28.03276699029126,24.073185362927415,0.6929824561403509,0.44594594594594594,0.0,1.0,1
M-1978-07,Netherlands,Iran,3.0,24.26201923076923,24.666666666666668,0.5636363636363636,0.16666666666666666,1.0,0.0,1
M-1966-24,Soviet Union,Chile,1.0,25.51469362784841,25.451351351351352,0.4838709677419355,0.3333333333333333,1.0,0.0,1
M-1986-26,Soviet Union,Canada,2.0,25.51469362784841,24.508196721311474,0.4838709677419355,0.0,1.0,0.0,1
M-2014-34,Netherlands,Chile,2.0,24.26201923076923,25.451351351351352,0.5636363636363636,0.3333333333333333,1.0,0.0,1
M-1990-02,Soviet Union,Romania,-2.0,25.51469362784841,24.4390243902439,0.4838709677419355,0.38095238095238093,1.0,0.0,0
M-1994-28,Germany,South Korea,1.0,24.42845394736842,25.51469362784841,0.66,0.21052631578947367,1.0,0.0,1
M-1982-36,Spain,Northern Ireland,-1.0,25.6,25.617283950617285,0.47761194029850745,0.23076923076923078,1.0,0.0,0
M-2010-62,Germany,Spain,-1.0,24.42845394736842,25.6,0.66,0.47761194029850745,0.0,1.0,0
M-1982-01,Argentina,Belgium,-1.0,26.401805869074494,24.23134328358209,0.6022727272727273,0.43137254901960786,1.0,0.0,0
M-2006-18,Ecuador,Costa Rica,3.0,27.92452830188679,26.166666666666668,0.38461538461538464,0.3333333333333333,1.0,0.0,1
M-1958-30,Sweden,Soviet Union,2.0,25.01675977653631,25.51469362784841,0.39215686274509803,0.4838709677419355,0.0,1.0,1
M-2006-20,Sweden,Paraguay,1.0,25.01675977653631,26.525,0.39215686274509803,0.2962962962962963,1.0,0.0,1
M-2018-36,Iran,Portugal,0.0,24.666666666666668,25.25872093023256,0.16666666666666666,0.5142857142857142,1.0,0.0,0
M-1954-25,Austria,Uruguay,2.0,25.25705329153605,27.48780487804878,0.41379310344827586,0.4406779661016949,0.0,1.0,1
M-1986-13,Italy,Argentina,0.0,25.92349726775956,26.401805869074494,0.5542168674698795,0.6022727272727273,1.0,0.0,0
M-1954-13,Hungary,West Germany,5.0,25.914285714285715,25.51469362784841,0.46875,0.6290322580645161,1.0,0.0,1
M-1990-47,Czechoslovakia,West Germany,-1.0,25.51469362784841,25.51469362784841,0.36666666666666664,0.6290322580645161,0.0,1.0,0
M-1982-23,France,Kuwait,3.0,24.34552845528455,25.51469362784841,0.5616438356164384,0.0,1.0,0.0,1
M-1970-15,Brazil,England,1.0,28.03276699029126,24.073185362927415,0.6929824561403509,0.44594594594594594,1.0,0.0,1
M-1994-03,United States,Switzerland,0.0,24.922190201729105,24.53711790393013,0.24324324324324326,0.34146341463414637,1.0,0.0,0
M-1958-21,Paraguay,Yugoslavia,0.0,26.525,25.51469362784841,0.2962962962962963,0.43243243243243246,1.0,0.0,0
M-2002-35,Cameroon,Germany,-2.0,25.076923076923077,24.42845394736842,0.19230769230769232,0.66,1.0,0.0,0
M-1934-03,Germany,Belgium,3.0,24.42845394736842,24.23134328358209,0.66,0.43137254901960786,0.0,1.0,1
M-2006-57,Germany,Argentina,0.0,24.42845394736842,26.401805869074494,0.66,0.6022727272727273,0.0,1.0,1
M-1950-19,Brazil,Spain,5.0,28.03276699029126,25.6,0.6929824561403509,0.47761194029850745,1.0,0.0,1
M-1958-06,Hungary,Wales,0.0,25.914285714285715,24.897435897435898,0.46875,0.125,1.0,0.0,0
M-1978-01,West Germany,Poland,0.0,25.51469362784841,24.462962962962962,0.6290322580645161,0.4473684210526316,1.0,0.0,0
M-2018-25,Nigeria,Iceland,2.0,23.73015873015873,26.456521739130434,0.2857142857142857,0.0,1.0,0.0,1
M-1990-24,South Korea,Spain,-2.0,25.51469362784841,25.6,0.21052631578947367,0.47761194029850745,1.0,0.0,0
M-1958-02,Argentina,West Germany,-2.0,26.401805869074494,25.51469362784841,0.6022727272727273,0.6290322580645161,1.0,0.0,0
